Iteration,AVG Score
1,88.7211497181652
2,88.7211497181652
3,89.1052713126468
4,89.22915077725476
5,89.25699984324228
6,89.53983026739552
7,89.75942600900592
8,90.19848966650157
9,90.19848966650157
10,90.19848966650157
11,90.19848966650157
12,90.28018097627236
13,90.53506593084174
14,90.63147377849803
15,90.63147377849803
16,90.63147377849803
17,90.63147377849803
18,90.790154029262
19,90.95219584823126
20,90.95443689370146
