Iteration,AVG Time
1,0.006540608406066894
2,0.010796785354614258
3,0.01384124755859375
4,0.017898941040039064
5,0.021931099891662597
6,0.026218819618225097
7,0.031563854217529295
8,0.03766334056854248
9,0.037829041481018066
10,0.04230003356933594
11,0.04445006847381592
12,0.050631237030029294
13,0.05401666164398193
14,0.05841057300567627
15,0.06447982788085938
16,0.06548664569854737
17,0.06842453479766845
18,0.0749204158782959
19,0.07750654220581055
20,0.07419106960296631
