0	875	126	797	172	474	558	73	224	597	951	833	387	334	236	645	655	545	5	575	625	430	55	141	933	320	696	235	369	816	302	691	279	326	915	525	429	209	843	28	288	
1	410	11	908	57	534	577	362	735	415	880	761	734	37	603	322	550	929	805	107	279	395	310	59	909	609	829	212	823	707	435	665	756	238	845	763	765	135	364	524	172	
2	383	546	852	154	294	473	239	846	120	727	728	683	413	51	730	604	99	664	520	314	270	135	687	944	496	539	329	925	761	529	372	335	7	482	444	417	516	145	891	697	
3	57	638	85	657	262	597	461	104	576	685	440	213	882	90	26	98	226	460	892	533	445	608	530	630	712	29	177	367	500	87	646	292	315	527	893	807	252	947	277	332	
4	325	47	930	933	628	565	150	881	859	797	128	16	873	48	658	506	327	191	935	241	257	378	372	422	126	863	310	177	557	222	334	553	580	160	752	69	617	65	476	660	
5	836	538	469	28	144	456	213	706	626	943	639	233	201	382	277	222	198	692	555	948	227	731	875	61	51	251	791	606	427	332	317	472	620	308	705	958	239	190	732	464	
6	1	822	813	57	879	363	720	132	558	396	269	492	412	596	386	228	110	112	955	90	746	928	322	637	150	95	184	957	496	838	101	146	927	717	383	554	85	772	152	744	
7	131	706	578	695	108	506	698	433	345	168	88	604	707	938	21	609	639	720	76	832	545	182	829	257	602	722	215	494	803	585	119	575	31	839	44	406	187	654	428	26	
8	718	237	12	303	886	445	319	41	715	819	263	86	695	730	912	257	35	74	99	222	328	873	541	681	321	242	223	73	37	373	840	58	405	799	928	747	17	124	918	293	
9	720	378	621	622	591	304	626	941	681	479	497	526	232	183	40	808	347	221	828	926	939	235	707	36	504	770	193	33	218	528	699	71	746	282	945	423	647	592	676	203	
10	734	448	59	466	552	714	166	443	243	212	705	639	230	511	763	164	192	473	55	783	864	596	50	409	74	886	679	744	403	815	498	847	312	557	685	452	234	297	393	767	
11	207	251	465	302	170	875	636	125	525	470	386	661	521	84	110	674	42	343	821	90	481	726	454	699	834	98	916	303	634	558	582	660	134	524	342	347	597	889	133	358	
12	483	193	857	359	109	315	796	75	187	549	740	225	878	169	388	639	281	30	451	849	18	845	724	8	775	553	722	726	939	495	941	244	127	220	566	73	481	146	578	664	
13	915	545	40	431	825	621	77	230	924	234	673	194	508	743	333	730	296	396	294	440	845	96	679	770	716	525	542	26	655	232	933	450	668	364	20	4	426	262	437	337	
14	692	471	440	872	589	53	233	633	243	755	734	267	422	674	437	27	891	151	510	774	940	751	564	360	946	529	754	710	598	307	35	425	67	288	123	204	673	184	676	632	
15	670	504	891	686	77	571	317	645	500	897	508	852	672	496	471	530	316	280	616	188	162	251	447	439	753	589	336	247	120	799	18	163	486	234	106	244	743	521	608	339	
16	514	398	213	113	438	328	675	138	928	432	57	807	195	870	806	32	49	435	957	412	54	310	765	133	839	36	340	923	623	359	598	759	890	560	893	569	402	591	750	385	
17	424	897	125	802	277	585	116	19	258	706	592	168	773	947	397	705	268	164	99	514	575	560	209	322	801	412	217	712	55	423	460	499	749	866	711	184	885	66	574	530	
18	817	756	696	564	723	496	667	3	835	849	618	706	65	612	76	717	203	319	911	459	449	404	620	862	455	5	205	92	491	314	268	131	711	241	574	680	873	278	624	177	
19	562	852	752	388	316	618	848	831	511	641	102	426	182	61	279	298	381	82	726	183	638	793	743	335	396	483	425	172	463	781	147	756	866	532	254	945	569	939	419	448	
20	391	139	231	397	479	383	89	432	618	687	695	710	790	31	840	431	641	361	269	700	908	245	411	698	474	111	512	846	16	696	553	389	920	348	451	165	556	5	481	328	
21	657	238	798	490	353	538	131	448	654	261	299	523	612	411	36	174	78	552	409	956	860	335	430	150	259	832	748	756	550	228	414	769	595	90	827	556	17	231	452	700	
22	601	169	496	163	546	781	7	471	866	322	332	541	209	558	670	166	624	95	416	735	74	836	600	324	953	29	597	373	429	368	661	715	745	958	805	364	782	181	714	28	
23	935	96	216	822	443	833	415	677	930	360	15	160	909	407	120	267	542	501	620	445	92	828	662	454	234	850	433	250	310	489	326	766	670	598	275	287	807	364	690	524	
24	172	881	424	930	774	463	516	164	890	714	403	322	69	825	279	127	623	274	132	659	931	231	303	206	254	369	195	831	230	141	181	404	285	836	571	770	790	783	505	360	
25	903	666	380	815	447	841	427	692	506	825	315	553	179	328	33	440	57	215	653	874	901	270	789	456	395	545	559	320	783	18	676	649	378	1	138	365	254	144	760	725	
26	686	263	575	319	496	638	164	750	845	743	680	747	953	633	943	541	401	813	482	89	481	557	123	169	457	605	502	673	173	405	232	826	656	863	370	103	749	666	198	412	
27	183	641	66	277	329	786	892	411	348	752	670	3	508	390	948	567	829	942	643	377	873	17	284	548	894	15	498	821	150	417	233	523	295	701	879	939	812	185	527	711	
28	739	500	323	512	121	50	74	425	707	6	379	718	46	181	921	693	761	600	231	419	673	386	894	866	861	675	860	514	12	236	703	798	364	820	627	288	780	667	232	199	
29	68	877	711	552	291	265	518	755	937	770	699	184	119	517	173	618	259	60	113	482	16	947	756	551	30	761	596	44	478	138	692	90	744	298	399	848	560	532	460	360	
30	438	724	467	509	382	498	416	170	256	528	21	84	608	341	800	843	142	427	533	518	470	169	728	71	442	77	211	668	713	344	922	376	671	912	444	490	636	167	241	286	
31	356	604	10	943	668	50	202	230	90	345	759	381	954	817	744	370	691	898	86	8	468	629	755	771	873	684	242	223	201	365	907	68	654	189	895	313	374	112	419	662	
32	393	831	540	695	380	731	232	696	918	449	94	93	529	271	502	80	67	342	139	657	317	752	736	169	180	19	801	415	350	551	236	367	543	85	952	293	161	405	821	81	
33	249	764	366	87	206	775	368	743	802	378	333	162	295	953	661	311	350	758	692	152	649	79	291	225	100	13	490	786	43	18	568	485	878	538	304	265	349	569	142	834	
34	703	429	615	861	763	527	893	423	574	938	384	860	285	461	405	162	827	863	599	695	110	307	859	873	477	668	953	773	940	67	392	529	796	438	40	254	300	515	774	88	
35	389	198	859	640	532	639	502	668	825	615	764	781	736	133	813	673	173	828	936	586	350	679	498	271	619	808	435	770	369	252	129	946	656	467	929	402	863	139	953	717	
36	236	110	378	906	175	436	375	934	673	775	898	441	206	20	421	310	552	335	787	850	290	631	29	617	954	859	425	413	790	737	64	19	758	744	756	410	314	18	16	180	
37	221	340	390	287	567	57	515	673	644	87	343	732	367	514	470	355	464	959	574	76	627	123	218	582	795	573	685	326	282	819	476	499	168	77	643	354	693	796	313	347	
38	248	904	595	497	583	928	309	264	331	125	552	85	945	546	557	741	931	231	273	801	567	151	706	144	422	278	33	605	511	391	344	795	156	364	814	390	598	911	217	12	
39	309	545	915	395	874	34	559	349	705	640	942	18	401	3	781	828	374	40	226	241	257	844	167	12	365	332	662	373	597	683	758	802	229	756	116	542	591	480	181	842	
40	191	761	43	929	336	0	230	576	128	77	238	805	97	821	78	630	210	944	242	390	302	891	885	213	579	956	116	85	710	549	295	628	260	282	689	470	220	726	181	930	
41	236	203	172	257	713	328	52	418	179	608	747	2	776	393	317	170	55	578	954	505	440	761	748	675	570	299	359	250	541	397	33	492	738	555	836	590	672	847	770	664	
42	632	932	617	944	138	475	55	491	169	590	623	17	333	419	364	672	8	180	118	788	380	236	83	550	330	628	415	210	14	144	670	329	131	600	222	506	650	927	642	936	
43	378	805	622	557	208	242	214	700	581	428	287	61	818	23	205	112	229	24	826	916	628	382	654	583	721	66	299	366	607	78	424	215	261	701	1	157	64	34	397	780	
44	61	139	496	646	871	775	337	101	254	805	462	866	937	767	687	758	845	439	729	191	606	65	4	100	693	546	943	764	291	951	83	748	262	56	661	400	857	766	895	93	
45	848	451	625	324	933	425	660	793	236	638	464	500	942	895	703	535	884	795	417	338	802	505	849	292	455	763	248	35	369	389	0	734	582	57	267	384	272	773	934	55	
46	345	160	56	22	888	848	191	952	298	816	574	551	36	304	367	380	680	797	895	391	23	931	58	112	646	16	325	223	723	282	11	858	826	420	697	877	611	509	558	143	
47	190	681	749	258	82	101	150	251	338	613	84	771	882	608	87	477	568	462	901	489	945	940	456	503	786	124	385	344	269	883	100	281	463	536	941	340	415	426	429	283	
48	862	480	554	325	638	556	838	190	116	38	192	592	754	842	249	370	551	346	510	712	437	958	163	810	870	750	145	486	602	785	608	840	772	679	937	920	919	356	277	869	
49	186	29	58	129	643	616	808	77	867	639	510	55	158	550	387	576	575	14	114	579	73	568	916	179	880	477	148	868	841	78	336	256	920	428	844	457	746	299	554	345	
50	826	64	33	725	612	545	859	75	148	542	637	32	423	305	841	333	214	750	510	242	668	893	812	669	375	618	344	427	145	943	337	491	654	2	448	614	130	881	458	125	
51	284	518	933	734	35	951	958	85	704	29	856	356	765	104	245	661	716	208	761	399	459	335	333	424	653	770	186	318	732	118	505	169	613	380	323	249	930	567	953	673	
52	526	199	142	598	602	296	669	914	802	918	384	543	415	758	734	158	305	324	214	369	738	376	746	548	114	73	429	306	513	235	538	121	584	770	911	620	381	893	786	456	
53	887	549	277	9	531	54	313	29	278	45	402	473	212	418	106	299	16	536	456	783	612	915	946	518	100	489	432	197	574	796	787	938	103	502	115	366	215	580	690	185	
54	28	634	188	661	672	238	290	158	663	209	866	936	664	433	606	608	171	513	460	369	483	477	496	357	430	841	711	525	234	633	5	802	23	834	748	858	64	803	879	720	
55	785	725	674	223	103	839	815	203	299	351	505	56	834	513	737	534	940	569	726	291	383	217	879	560	916	355	231	512	745	776	781	901	690	411	389	394	544	798	457	656	
56	391	365	520	130	488	870	714	314	4	711	6	933	162	397	280	576	31	108	631	54	648	81	551	8	489	682	47	754	415	872	846	460	565	515	362	750	831	585	791	860	
57	623	387	720	379	55	952	844	252	789	510	915	922	867	541	735	500	86	639	774	667	139	98	538	810	131	912	398	364	529	773	802	607	672	228	53	218	15	563	685	317	
58	72	356	651	17	639	101	18	96	484	902	365	707	718	692	290	297	267	946	74	393	616	424	448	30	770	911	296	81	175	505	92	348	591	82	809	496	803	741	764	788	
59	99	737	599	208	906	350	905	201	693	219	348	237	748	10	144	529	704	718	200	537	534	899	196	89	258	511	463	633	855	535	890	30	126	293	840	710	390	329	363	884	
60	699	238	111	718	506	271	630	131	387	313	548	176	848	530	603	837	294	154	746	676	681	241	833	9	692	729	105	48	745	446	49	563	134	307	684	436	377	511	25	250	
61	438	664	547	927	646	622	779	617	290	811	482	375	320	634	955	543	557	672	405	284	580	388	78	894	51	761	294	530	930	675	447	511	180	45	172	224	288	890	525	351	
62	571	671	955	837	506	15	934	144	562	790	252	711	163	202	781	778	437	767	877	621	449	763	602	262	403	106	607	69	367	594	56	324	721	72	55	95	953	101	807	390	
63	871	884	494	80	484	109	312	19	833	807	593	369	99	521	83	436	576	642	130	862	931	121	948	186	54	583	117	375	384	421	105	493	96	243	610	846	84	918	480	151	
64	538	135	209	757	242	945	512	29	27	338	261	153	455	297	433	451	507	726	119	886	777	522	132	915	483	105	551	496	186	793	57	848	598	295	254	740	413	291	884	10	
65	795	153	122	504	138	677	594	384	836	259	852	743	584	198	214	828	189	717	14	488	500	116	251	839	814	263	64	566	542	956	659	749	944	161	597	80	905	403	258	640	
66	465	433	780	759	431	16	323	84	659	240	888	691	378	610	321	557	893	193	463	715	144	704	356	457	281	800	472	503	950	211	798	5	681	806	98	261	201	419	340	882	
67	567	54	899	114	788	78	173	472	945	646	597	941	327	325	791	240	873	483	825	283	438	141	322	616	787	426	527	404	537	446	419	35	202	399	767	100	650	199	310	12	
68	282	179	523	906	553	813	876	441	37	794	766	508	567	659	515	23	416	487	803	220	490	237	785	333	399	473	825	853	314	336	52	708	207	302	703	371	719	6	113	559	
69	484	870	302	602	442	605	30	783	81	187	157	336	408	180	374	541	151	841	128	874	172	722	587	18	860	848	364	708	633	329	766	566	318	31	638	270	64	630	291	290	
70	832	382	940	796	787	590	233	610	463	748	788	207	952	35	863	483	412	149	113	313	123	914	683	506	555	360	879	657	827	445	419	798	215	284	626	815	333	84	684	716	
71	168	80	17	275	426	767	930	395	905	82	90	781	837	598	228	233	0	951	589	328	15	3	698	528	689	918	584	256	290	335	829	517	934	578	913	514	179	832	297	241	
72	130	710	193	808	794	319	589	30	300	559	788	12	220	372	70	113	186	496	143	90	51	298	940	608	713	754	702	50	0	452	349	277	602	303	558	424	454	759	248	813	
73	341	503	243	325	109	651	546	827	321	748	867	644	384	925	901	773	781	199	601	406	368	288	524	262	75	400	51	479	591	151	872	171	879	41	213	695	917	604	270	726	
74	853	900	420	681	927	541	887	478	760	105	203	107	665	350	589	443	497	377	660	477	616	198	800	612	205	929	488	701	561	177	138	540	576	505	144	118	362	754	241	417	
75	188	220	345	378	380	113	468	858	616	655	728	945	505	21	859	939	640	34	907	400	436	544	768	104	203	258	47	610	775	393	224	566	275	333	98	138	14	506	445	679	
76	25	552	636	746	144	508	907	793	621	745	386	191	927	615	3	641	581	48	696	886	44	237	882	312	402	814	464	187	496	157	163	862	629	911	64	28	943	565	341	15	
77	893	782	441	591	571	26	900	163	227	955	478	33	768	475	277	308	229	789	300	284	926	659	118	886	487	372	804	510	176	156	82	497	446	587	57	867	245	59	803	366	
78	178	104	627	449	187	847	506	111	225	201	134	679	683	663	603	38	496	62	320	939	581	277	381	428	409	796	36	263	924	463	590	507	167	635	935	536	856	337	621	436	
79	764	889	116	800	307	872	174	666	398	437	41	132	188	616	89	149	166	469	792	719	151	360	939	497	96	0	839	941	123	641	19	732	110	164	944	369	882	914	439	428	
80	533	114	641	464	349	511	685	470	174	29	733	483	749	173	258	696	486	31	26	360	43	903	695	62	819	513	2	242	508	510	66	524	732	529	181	687	959	1	918	569	
81	93	956	491	104	454	668	760	193	831	872	434	242	524	414	310	630	78	944	891	249	783	460	581	381	604	416	28	444	339	798	573	782	60	15	846	413	320	536	248	392	
82	762	177	406	568	210	632	540	28	579	836	208	499	232	734	366	665	119	494	10	737	907	947	247	483	934	439	40	727	950	707	277	35	23	335	416	306	218	252	441	646	
83	580	837	703	207	730	51	39	188	92	593	98	529	528	480	954	186	0	844	829	159	198	926	30	760	199	818	856	227	126	684	532	307	827	103	845	332	299	942	434	237	
84	601	495	652	396	117	748	224	808	469	884	87	219	505	530	604	750	147	900	326	818	70	942	55	76	879	784	849	418	246	790	339	886	494	143	506	579	127	561	278	426	
85	664	508	755	342	903	215	558	578	427	881	520	763	684	808	505	488	937	490	519	135	818	602	470	825	248	117	450	897	386	885	905	33	437	528	421	485	727	416	796	657	
86	675	908	165	909	880	865	622	283	264	21	547	140	711	415	364	692	644	76	631	91	500	16	569	245	202	346	879	149	291	747	874	669	610	679	906	633	535	621	778	525	
87	486	292	444	299	421	406	86	842	901	770	558	115	629	172	66	254	3	312	507	189	119	947	311	449	308	792	549	260	707	614	780	347	413	55	124	227	128	737	512	458	
88	685	51	257	872	429	418	680	275	594	582	387	45	703	775	106	1	490	466	866	462	225	784	291	779	600	467	940	817	547	381	652	188	129	544	364	256	715	64	338	506	
89	857	678	181	854	437	770	80	693	911	597	885	748	754	206	100	758	947	92	369	375	771	625	164	7	26	671	198	32	596	478	573	117	246	833	489	841	853	732	311	583	
90	159	877	819	763	5	883	825	677	409	392	453	220	928	236	683	118	169	132	73	492	222	482	889	314	857	839	331	773	167	946	576	948	812	893	656	111	509	777	495	523	
91	639	246	462	706	28	343	126	52	708	750	336	379	306	599	955	69	881	707	959	483	478	936	840	221	303	631	725	777	436	143	409	540	669	880	674	63	829	178	440	613	
92	461	247	648	605	308	670	450	547	902	121	319	636	138	129	935	898	512	841	466	188	98	881	941	49	555	924	352	894	86	100	621	423	360	460	603	171	48	693	213	219	
93	526	341	717	427	818	550	804	906	806	283	47	847	536	561	501	431	866	271	552	367	661	869	864	476	725	531	525	751	518	956	340	273	192	752	153	862	61	393	157	746	
94	917	82	587	769	429	303	269	243	299	568	100	784	877	424	632	817	954	118	941	376	193	758	472	416	177	814	727	48	284	805	530	735	294	375	834	214	621	228	703	605	
95	484	27	898	404	701	280	943	803	205	368	723	819	107	555	170	31	152	81	164	357	230	135	296	930	722	28	794	317	884	672	281	866	921	565	268	370	46	479	120	287	
96	129	456	927	513	88	399	803	685	171	205	390	366	174	820	260	542	162	143	328	267	681	395	480	928	153	823	623	257	655	520	674	758	6	32	933	524	616	784	22	952	
97	547	347	313	126	128	61	238	913	560	299	865	828	808	221	385	704	239	906	435	319	54	178	711	664	615	866	619	468	320	52	478	513	674	277	680	284	485	203	777	436	
98	879	246	333	5	533	299	899	480	397	678	388	550	848	334	909	727	282	96	587	451	613	15	144	506	657	582	742	443	911	70	182	922	263	167	253	520	559	276	840	816	
99	91	482	235	358	160	800	773	602	506	943	69	402	747	596	941	663	741	907	727	302	618	926	885	137	242	247	28	575	845	498	772	826	585	567	649	431	22	199	566	148	
100	872	852	67	269	29	790	540	487	288	923	229	200	77	607	826	934	470	220	59	824	613	675	520	234	194	428	393	149	120	939	754	622	883	803	197	382	749	447	88	658	
101	138	287	920	51	0	944	654	24	698	255	737	283	447	847	284	42	14	169	498	767	845	179	511	786	611	644	17	269	739	375	679	576	554	638	312	726	714	57	376	711	
102	360	583	86	208	802	669	841	224	309	213	12	597	158	136	103	614	384	862	945	290	646	549	851	409	137	545	910	792	436	163	128	603	550	285	739	639	151	181	886	63	
103	664	672	126	51	849	370	852	402	218	492	165	863	690	611	453	879	815	801	99	262	470	750	701	253	681	462	144	167	256	587	723	307	731	53	740	916	567	230	451	928	
104	543	394	318	758	69	287	812	100	401	186	862	840	185	75	339	373	146	801	875	215	934	561	286	411	902	595	942	585	674	141	474	179	854	532	405	147	583	208	438	48	
105	239	608	369	897	693	350	582	277	129	932	504	562	462	399	513	957	450	260	89	633	430	67	339	935	721	82	126	544	317	204	858	944	923	68	891	815	127	679	925	94	
106	160	255	929	941	803	33	178	843	398	654	612	466	101	520	889	586	414	190	887	559	84	491	957	371	319	188	726	7	932	497	271	919	713	69	454	147	236	81	324	501	
107	116	110	333	192	40	922	628	133	735	157	52	876	312	556	61	433	715	717	268	365	926	252	638	343	605	653	550	522	452	404	137	799	322	217	384	784	514	524	383	865	
108	320	574	926	738	537	92	462	310	506	41	342	336	851	743	642	543	296	473	595	241	742	141	821	593	947	858	561	456	935	100	19	131	44	304	152	504	189	689	830	201	
109	132	179	692	374	590	418	67	329	449	753	390	843	543	549	193	791	711	459	945	924	120	890	932	383	468	213	451	538	412	623	32	453	604	690	206	916	931	117	161	438	
110	476	357	459	326	260	683	702	287	928	226	949	161	736	76	766	948	672	418	509	952	271	808	884	635	784	67	770	751	79	873	283	378	557	724	848	695	218	600	479	826	
111	582	570	777	843	355	817	119	578	892	366	683	551	328	474	55	855	959	798	237	618	812	105	342	466	836	557	487	518	694	235	240	225	515	945	791	900	208	161	453	323	
112	377	435	735	767	361	62	824	79	807	755	900	293	115	298	912	430	274	225	945	633	166	449	699	540	641	36	819	659	507	213	262	299	322	598	890	543	178	232	486	64	
113	614	70	158	154	589	755	242	84	768	437	920	216	403	866	166	308	425	538	836	448	909	85	546	833	447	543	398	460	352	489	369	610	609	802	144	161	780	461	693	947	
114	386	554	548	596	794	497	355	156	692	915	238	105	641	79	279	20	330	597	607	751	489	236	707	843	440	529	600	126	714	929	26	163	729	760	706	801	832	539	406	369	
115	426	723	325	666	523	539	499	127	14	764	594	540	910	119	306	333	840	803	794	720	849	535	23	459	196	586	148	593	959	825	107	417	911	330	251	879	552	174	891	359	
116	793	459	653	368	640	603	663	750	762	911	846	10	606	953	83	821	491	744	67	618	318	341	394	308	457	958	55	881	192	336	470	469	533	778	58	49	295	32	217	566	
117	247	733	373	603	909	375	360	758	794	695	438	743	245	89	819	833	567	610	230	699	329	812	400	873	257	255	105	619	461	224	237	869	21	430	919	623	924	426	429	13	
118	871	471	444	481	162	3	869	671	319	164	728	514	224	230	736	573	503	388	672	501	876	86	476	941	511	298	763	258	110	789	139	472	345	843	901	340	804	430	722	844	
119	605	932	591	251	94	428	77	890	437	242	925	43	3	609	522	311	162	440	806	572	587	32	202	127	822	381	856	936	386	259	707	46	88	274	464	395	549	544	518	387	
120	48	872	823	219	233	127	364	391	129	482	133	186	626	434	554	263	402	189	261	262	617	430	889	192	489	39	879	890	96	650	169	679	137	383	188	471	388	882	886	812	
121	310	69	708	435	76	770	915	693	316	787	374	776	718	629	392	363	348	170	594	595	854	174	623	575	365	749	402	96	951	930	555	228	497	845	607	548	862	826	667	778	
122	313	938	269	54	307	191	188	790	392	475	28	479	878	296	248	451	91	86	658	843	263	842	201	101	179	468	0	959	866	637	277	391	308	591	903	183	656	180	46	320	
123	503	825	176	835	215	163	658	574	514	654	334	276	863	468	806	593	32	432	375	873	372	868	401	448	893	536	582	624	452	643	577	710	43	142	665	205	548	439	870	208	
124	801	948	596	346	716	666	821	576	247	444	156	353	22	535	551	621	876	686	476	484	707	113	824	32	864	99	643	854	438	60	168	473	730	76	580	928	375	162	381	712	
125	131	876	213	156	177	736	446	853	681	282	433	29	373	838	378	24	765	128	150	293	629	698	447	865	533	222	71	302	329	885	228	306	810	136	459	802	878	453	576	896	
126	475	163	172	482	386	201	816	438	41	109	185	131	788	689	186	434	644	716	875	91	722	517	662	279	101	505	755	335	402	566	748	211	501	892	146	260	769	832	398	113	
127	788	247	218	576	463	848	113	80	292	67	515	796	112	393	46	354	268	619	746	709	798	64	771	310	177	653	701	22	704	275	661	336	73	656	88	599	263	226	511	15	
128	921	699	192	294	711	154	433	39	896	377	369	524	741	520	132	532	844	539	381	214	189	480	417	789	321	723	841	596	413	53	648	556	217	122	142	731	5	706	908	671	
129	254	74	25	196	750	36	725	314	466	612	588	298	320	477	669	522	488	843	603	751	922	786	563	35	8	39	143	952	718	910	571	412	239	516	774	877	802	317	748	590	
130	333	785	817	954	848	434	592	920	325	33	789	336	6	225	776	670	432	556	779	164	167	550	773	90	15	513	559	585	892	504	516	264	950	429	501	711	68	230	32	955	
131	193	30	874	331	78	578	792	240	10	904	282	114	692	258	264	403	719	51	683	649	907	289	831	690	33	619	567	836	93	642	643	613	322	141	54	591	890	713	923	276	
132	716	878	410	334	125	576	312	635	481	401	397	99	177	135	376	763	478	479	145	522	933	306	31	676	759	843	657	939	906	277	176	343	748	70	28	923	842	550	715	32	
133	770	46	97	399	867	448	652	236	308	150	557	421	376	185	440	746	305	499	29	192	739	710	488	337	282	926	293	455	878	773	841	921	342	141	612	411	244	28	189	767	
134	763	47	198	797	183	439	511	834	532	699	31	412	662	706	355	770	11	627	359	117	189	59	243	166	683	175	919	952	178	442	710	169	90	815	616	195	462	585	754	24	
135	50	881	126	686	327	373	428	307	12	355	614	310	682	471	425	791	910	273	321	508	728	458	595	518	436	200	225	452	390	689	906	550	716	285	656	500	191	174	30	447	
136	505	292	586	664	349	44	919	257	756	825	574	929	20	598	814	316	774	123	593	353	935	862	145	293	591	715	731	721	561	695	290	24	898	850	39	908	350	91	57	785	
137	359	312	951	465	111	326	349	561	408	558	383	196	185	249	847	63	68	101	741	173	742	760	896	612	879	340	520	376	755	396	597	942	688	566	245	564	817	129	170	79	
138	882	521	307	276	708	553	653	155	691	80	248	497	807	728	126	781	712	275	562	262	229	422	310	2	23	282	319	161	560	221	892	91	821	693	249	400	87	721	353	356	
139	375	220	707	698	511	166	762	724	54	495	796	956	785	33	436	675	205	414	51	265	442	828	98	924	730	782	603	292	810	102	185	286	832	535	589	39	342	0	723	28	
140	742	517	228	64	247	32	492	734	374	345	927	751	200	465	744	125	351	773	930	841	203	401	587	939	467	947	438	376	389	210	127	296	522	575	196	953	509	506	914	398	
141	574	632	30	540	705	419	822	134	748	483	951	711	354	63	337	217	248	933	883	51	614	552	320	459	806	814	334	143	188	12	3	536	24	14	699	948	255	491	431	192	
142	870	790	782	829	409	58	556	644	866	585	707	181	620	81	504	881	808	720	352	905	688	521	515	950	426	663	864	10	816	770	177	742	46	623	494	779	221	153	314	267	
143	558	498	782	243	579	329	717	303	427	124	873	178	348	255	542	28	707	922	608	672	857	113	273	550	759	904	248	174	683	70	495	695	395	185	27	735	649	219	289	139	
144	712	596	919	9	750	319	185	564	443	49	862	536	409	248	938	535	372	736	68	652	843	124	203	813	456	483	580	566	524	56	463	46	572	190	935	332	176	699	550	622	
145	684	864	873	589	343	201	174	704	123	619	102	834	182	119	588	117	178	705	820	551	854	97	807	532	190	409	238	749	361	185	493	600	306	384	818	760	260	718	366	451	
146	852	484	672	600	539	447	633	587	647	233	625	391	427	57	78	327	226	876	106	270	118	375	56	537	896	28	386	337	592	956	52	582	399	556	30	89	290	714	246	696	
147	786	466	604	720	554	300	354	317	353	648	268	902	57	365	532	711	807	78	754	174	500	479	858	490	547	806	837	97	20	213	116	674	168	87	562	666	934	937	794	906	
148	734	811	474	760	396	823	502	869	638	625	144	384	505	159	806	857	858	891	924	408	633	711	956	175	82	97	955	525	231	343	62	661	672	412	206	501	252	422	540	269	
149	748	420	559	296	101	738	762	378	211	171	487	152	201	789	521	792	280	382	17	628	927	212	390	880	804	603	815	573	932	426	914	860	360	567	803	327	921	213	117	524	
150	597	827	308	251	706	71	598	514	547	579	463	343	361	102	644	86	907	606	3	236	537	332	625	883	205	16	643	926	931	520	946	728	618	467	488	680	219	27	0	152	
151	810	146	813	22	924	699	505	730	280	429	370	585	640	20	672	346	450	248	55	169	834	344	870	186	124	108	616	892	856	225	407	436	789	570	416	604	588	388	564	336	
152	484	798	836	8	262	280	175	438	941	600	790	395	657	189	172	572	935	323	844	646	839	614	208	496	365	267	543	144	293	795	518	80	257	561	906	626	333	118	509	722	
153	517	74	912	875	5	294	488	669	64	832	436	174	117	431	509	334	159	784	894	671	172	168	375	244	369	651	445	217	28	572	660	852	234	213	63	43	666	938	919	102	
154	417	41	795	854	863	900	519	790	338	83	552	209	649	51	942	325	668	436	451	518	731	754	923	709	260	129	205	274	953	399	801	96	241	324	490	329	621	109	534	273	
155	750	90	195	559	677	132	404	649	939	371	644	704	562	95	763	620	955	150	159	873	586	861	45	914	727	474	776	588	7	753	849	199	666	622	823	448	486	675	913	330	
156	516	210	234	207	9	397	219	914	632	27	96	822	693	542	868	61	371	222	937	469	346	894	0	407	365	332	437	215	524	144	912	343	26	443	264	386	100	573	801	601	
157	757	259	227	88	429	703	586	407	211	103	63	558	620	384	135	476	77	732	827	234	557	33	696	203	62	717	215	583	830	759	800	216	521	536	250	148	241	137	678	269	
158	528	718	45	374	93	276	87	455	766	375	30	866	413	263	738	310	702	140	740	912	72	283	480	258	571	36	474	471	237	697	734	893	295	584	57	859	515	600	926	937	
159	613	584	648	452	394	376	160	66	513	454	544	194	118	956	377	520	502	839	882	456	368	427	211	1	121	374	193	13	275	626	234	821	879	799	99	73	432	673	784	305	
160	690	885	389	190	203	233	234	260	401	781	932	876	348	37	242	453	205	608	724	27	910	14	435	459	796	525	189	725	515	324	144	883	41	596	729	745	462	140	381	158	
161	402	477	119	234	248	461	579	368	617	879	955	622	636	914	641	466	884	185	284	144	395	459	166	241	750	844	677	904	76	824	253	67	158	437	875	716	12	528	555	151	
162	777	254	942	292	103	539	307	128	650	73	865	398	797	283	595	391	3	369	883	448	337	612	394	235	506	356	854	225	907	607	925	31	88	613	834	462	182	586	214	583	
163	618	396	624	278	482	54	768	382	355	133	416	510	515	392	748	211	856	205	724	958	560	505	751	839	130	248	146	642	869	407	34	145	64	621	166	106	514	641	97	923	
164	339	40	158	587	842	942	332	66	160	887	427	292	550	905	665	881	446	72	457	862	7	384	359	500	180	235	787	357	285	762	931	341	45	142	284	401	64	570	876	177	
165	464	942	658	668	140	192	586	682	199	613	727	527	302	40	870	471	691	131	93	99	2	638	108	750	759	923	932	726	398	498	781	87	539	729	435	345	955	582	128	429	
166	522	824	16	147	342	275	896	513	340	586	264	287	850	641	523	726	493	563	429	138	68	658	741	236	750	211	471	806	856	723	603	846	455	18	187	724	443	352	470	176	
167	863	647	33	914	116	28	492	88	300	211	358	580	404	215	676	45	438	411	414	309	830	810	506	122	923	518	334	465	296	367	736	48	396	194	112	42	351	900	568	417	
168	398	703	754	758	320	141	667	837	442	690	439	16	639	623	661	696	508	531	468	947	164	21	358	890	920	672	148	130	73	494	258	942	544	216	629	707	222	876	210	156	
169	959	385	616	479	613	647	369	367	178	98	21	291	182	569	176	823	714	202	661	2	507	256	787	232	811	391	631	401	117	607	657	858	144	943	571	394	310	540	472	583	
170	69	283	282	74	357	131	71	144	235	935	892	530	637	802	946	696	567	883	640	138	334	652	33	807	500	165	376	505	827	662	17	424	572	426	398	506	221	242	491	195	
171	864	720	155	407	701	487	708	268	325	89	788	689	393	242	587	102	443	541	421	442	545	937	397	25	189	44	313	562	858	348	345	387	657	569	955	118	754	265	921	230	
172	821	338	590	467	8	269	4	640	215	218	869	58	846	780	81	118	155	485	268	439	516	224	947	498	189	757	373	624	890	344	639	2	707	376	863	261	111	592	47	699	
173	145	400	253	302	608	108	143	445	288	931	895	876	788	707	306	93	552	144	684	398	368	549	105	548	529	158	807	62	244	75	13	743	362	413	251	749	553	307	265	728	
174	103	694	838	268	205	575	828	953	216	613	180	531	767	83	317	386	599	541	42	922	244	212	730	589	914	23	764	735	115	621	337	283	329	401	948	581	853	856	847	81	
175	714	210	527	396	167	727	881	724	584	774	873	472	241	41	748	526	211	952	864	659	549	222	337	401	567	448	357	550	900	828	18	67	6	814	14	81	398	889	712	411	
176	275	644	341	168	74	130	429	679	888	567	471	529	901	55	610	201	849	753	22	7	907	45	554	181	447	338	631	665	431	171	877	629	550	683	69	9	302	54	357	559	
177	129	44	180	562	805	502	119	710	720	63	255	266	693	127	432	477	773	882	299	307	310	810	744	771	801	938	84	948	689	16	799	223	647	518	342	431	181	549	895	676	
178	839	727	938	27	313	381	137	912	807	590	641	289	901	897	129	20	720	877	339	732	69	943	625	24	336	717	217	605	903	601	420	757	536	343	64	546	747	569	894	203	
179	643	372	648	836	923	551	380	60	239	751	281	268	524	565	402	163	695	20	475	732	76	537	135	556	610	637	167	682	907	416	554	222	120	58	121	603	259	204	159	911	
180	243	87	45	601	764	397	221	282	902	901	501	143	176	626	494	222	147	214	534	302	395	755	947	636	628	770	297	428	49	808	157	861	934	923	767	311	208	309	809	593	
181	0	813	230	41	715	918	336	451	372	33	195	288	301	5	944	522	284	884	56	760	576	382	564	558	670	871	622	609	164	758	544	46	461	137	831	908	773	747	192	334	
182	489	58	848	482	289	948	313	729	731	224	868	910	156	576	599	445	249	40	361	560	618	444	312	795	31	59	798	68	791	60	608	167	302	632	873	88	118	265	695	938	
183	330	49	725	272	479	734	905	578	796	685	462	418	492	812	708	800	17	548	807	603	59	919	894	328	89	582	212	792	751	182	21	489	180	497	845	239	471	44	115	761	
184	389	698	194	741	952	828	419	262	386	592	273	319	143	704	763	529	299	250	490	562	68	227	31	688	545	335	946	434	360	857	375	185	339	536	60	169	519	238	39	222	
185	769	432	77	750	592	711	447	815	194	661	103	953	284	92	597	877	142	604	403	759	229	444	191	271	67	619	858	262	524	511	355	574	266	252	627	523	91	659	931	760	
186	736	742	456	50	692	222	830	376	622	268	356	184	210	560	517	486	279	885	55	524	430	604	516	737	447	183	520	92	822	663	282	330	62	391	495	415	716	955	762	842	
187	32	131	792	75	199	516	876	905	421	361	710	223	433	854	522	248	129	413	398	667	840	181	899	456	232	856	643	509	331	923	688	276	115	34	352	678	873	683	439	272	
188	60	191	274	759	216	951	9	113	909	495	409	341	486	599	132	815	268	711	400	632	872	722	325	584	478	44	894	452	435	405	402	353	849	728	425	245	647	288	346	780	
189	641	690	95	907	866	443	326	851	787	652	872	808	346	227	159	659	110	172	52	388	329	391	215	700	64	460	874	656	213	313	730	763	377	15	139	339	53	142	249	901	
190	548	366	334	875	267	887	191	240	435	855	86	647	726	433	693	925	512	953	472	395	574	474	401	442	902	59	192	506	864	502	357	182	411	847	183	674	301	154	791	130	
191	393	266	439	655	667	46	892	938	137	612	288	888	377	649	916	624	659	563	553	306	136	547	432	859	275	565	224	278	638	282	889	245	617	72	935	704	519	105	589	233	
192	817	946	656	127	459	848	117	475	22	331	812	569	308	720	836	445	516	591	444	891	472	737	278	188	746	942	492	895	266	526	647	191	347	558	46	756	703	822	668	400	
193	744	822	251	465	139	475	481	292	906	316	811	61	279	269	76	598	147	829	590	100	882	131	275	587	26	633	398	653	878	94	329	648	886	343	610	107	133	519	573	793	
194	765	87	303	34	259	161	373	544	792	953	103	222	615	494	807	128	922	333	478	479	562	617	243	407	724	527	182	428	568	887	518	709	599	715	800	193	240	923	487	266	
195	889	794	795	23	920	230	697	768	408	498	945	1	88	496	191	827	704	501	760	379	314	600	611	895	94	347	139	758	429	77	82	584	899	238	200	534	839	85	380	387	
196	933	527	211	563	830	73	727	403	414	303	785	665	238	726	537	717	554	407	621	264	86	765	641	763	941	610	278	436	795	404	846	733	619	574	767	517	643	902	548	79	
197	110	285	793	59	9	624	757	357	522	749	573	466	667	556	352	61	940	56	621	725	598	404	6	349	0	719	682	372	502	828	888	7	259	265	825	145	705	118	635	820	
198	95	72	571	264	482	258	200	883	810	465	166	58	311	135	561	150	811	138	75	146	654	919	565	927	192	877	740	888	324	177	681	182	930	280	945	869	60	780	18	467	
199	772	776	484	327	812	69	82	783	157	86	48	127	747	720	912	694	777	303	592	355	121	565	885	648	71	340	190	638	823	334	178	58	956	27	380	462	298	779	504	370	
200	878	748	14	69	125	174	255	335	202	197	381	265	764	911	64	927	415	247	342	116	346	89	314	807	801	39	297	917	747	459	369	734	871	78	267	237	42	312	170	498	
201	556	376	596	370	373	519	945	194	146	9	226	719	716	884	467	482	475	691	788	162	214	909	420	155	302	130	783	829	540	693	955	232	344	784	231	780	677	497	378	328	
202	17	265	216	887	38	805	308	786	329	612	896	915	280	570	495	557	336	643	186	238	728	760	629	661	863	430	41	496	487	525	297	792	372	22	2	824	407	36	46	47	
203	322	244	10	181	603	612	202	514	463	123	300	940	489	170	106	591	291	18	884	113	892	5	221	230	138	17	213	114	402	891	215	750	22	776	867	493	558	898	943	734	
204	154	184	346	180	791	135	737	581	112	24	853	944	727	618	460	707	436	530	856	860	253	319	757	462	7	771	838	198	476	911	195	366	205	510	620	721	713	278	577	640	
205	175	586	564	885	225	387	543	503	282	351	883	573	129	698	816	598	894	749	476	72	524	661	814	952	79	342	74	585	553	799	818	328	264	762	193	600	764	547	3	78	
206	927	581	692	881	784	930	783	75	445	743	411	407	709	265	519	860	294	28	234	283	549	610	335	333	752	32	945	845	259	120	899	593	904	946	116	158	66	732	496	380	
207	811	340	618	936	860	227	153	202	302	396	320	614	543	37	371	790	951	102	407	56	747	256	553	932	769	816	2	289	629	19	921	664	475	828	201	72	135	708	788	444	
208	682	289	40	698	509	826	354	382	547	378	337	487	906	100	700	687	402	870	38	800	113	368	464	69	22	454	448	927	268	212	897	666	737	387	875	191	456	137	292	683	
209	957	645	167	512	935	651	388	474	450	572	872	389	509	411	351	941	481	475	599	406	628	701	807	397	93	280	464	94	265	249	2	263	780	46	866	109	332	478	394	782	
210	347	604	721	439	99	891	909	310	327	611	855	595	839	676	526	123	484	651	31	253	581	371	771	633	282	286	649	852	511	708	85	497	547	939	809	93	297	952	10	270	
211	197	903	639	781	308	127	269	384	514	672	773	839	31	111	296	365	893	228	777	742	813	429	35	468	182	673	152	251	488	848	0	42	688	770	461	402	193	428	246	549	
212	92	606	278	612	399	382	15	434	59	245	306	172	731	360	35	701	514	426	632	684	740	48	569	472	69	657	745	412	849	862	218	177	57	554	298	162	901	613	727	766	
213	834	317	806	204	43	78	596	32	337	627	416	402	832	795	649	46	927	735	857	493	536	338	418	292	57	410	840	828	474	255	546	257	898	726	895	240	629	683	42	758	
214	547	158	414	311	267	807	512	284	127	736	594	876	61	609	862	924	561	52	213	232	892	9	118	482	244	491	497	586	108	243	909	672	309	508	839	886	420	956	585	790	
215	831	8	913	434	78	112	727	814	50	957	327	405	923	618	838	455	375	705	6	897	96	256	350	596	769	704	862	229	922	846	807	945	579	556	265	469	246	564	478	860	
216	453	402	896	101	790	855	203	887	777	892	922	844	899	551	14	21	572	0	955	420	466	697	608	136	867	331	797	122	282	66	736	568	649	443	225	367	57	237	591	478	
217	382	742	457	889	910	87	594	779	211	575	800	702	84	179	162	286	447	141	898	626	936	793	124	665	292	272	599	463	555	509	842	6	662	654	797	503	328	363	876	862	
218	91	919	121	64	338	663	134	749	463	279	740	195	135	649	838	243	498	217	200	775	923	856	868	39	661	717	280	637	431	809	886	721	940	582	677	177	899	669	906	65	
219	407	536	571	527	78	145	500	309	167	925	331	769	654	457	870	148	877	803	299	776	710	957	312	534	63	685	20	182	60	920	742	135	947	945	933	306	956	720	10	296	
220	792	927	247	20	828	57	276	318	257	807	21	23	865	649	813	793	766	776	687	154	677	267	307	354	853	238	891	121	379	48	534	69	64	875	837	147	645	522	669	756	
221	685	630	236	394	925	401	735	34	575	167	227	836	397	737	139	777	76	124	754	662	890	97	293	349	24	755	115	493	319	375	183	497	382	341	520	441	120	437	259	378	
222	794	28	675	407	336	664	467	415	57	607	256	918	280	755	433	568	844	328	283	571	898	361	944	661	873	889	510	38	564	548	119	906	352	671	203	65	546	741	213	651	
223	393	88	130	945	531	849	152	240	781	692	247	250	444	327	415	158	60	900	51	196	807	620	765	157	185	351	817	794	241	234	54	476	378	32	162	940	330	44	517	749	
224	331	37	298	846	440	931	217	900	202	337	608	56	661	388	84	957	300	587	146	580	716	8	74	339	184	638	575	883	480	170	584	553	7	151	795	872	293	877	10	261	
225	587	650	718	427	325	916	580	16	324	589	757	872	573	615	218	920	844	538	672	365	861	949	424	206	332	241	82	943	843	140	827	264	772	661	836	134	768	323	597	896	
226	456	138	290	364	330	880	237	211	574	541	845	770	136	818	877	131	97	92	727	267	626	809	179	885	512	154	906	47	206	505	336	755	383	930	826	892	908	44	917	495	
227	14	922	747	716	288	815	589	0	947	740	865	235	762	628	262	130	41	16	823	671	765	915	690	219	60	184	538	479	510	267	731	247	108	605	332	328	700	153	836	877	
228	546	33	379	792	365	285	244	808	143	643	221	738	519	490	127	440	144	942	277	395	856	150	606	622	371	756	689	45	849	589	145	142	814	826	513	662	584	590	665	847	
229	342	569	282	713	503	300	255	31	873	894	404	507	315	719	843	93	325	171	397	343	726	881	14	541	878	180	228	955	557	289	473	551	908	930	383	249	779	835	771	120	
230	170	788	837	855	220	334	935	895	953	249	229	143	243	460	740	610	715	598	845	848	5	862	539	183	25	646	819	507	427	246	180	331	317	886	528	38	227	922	26	94	
231	760	613	96	92	16	168	954	677	237	746	739	540	54	140	200	583	804	557	159	534	767	588	737	265	172	412	561	313	189	267	642	427	696	806	647	277	779	825	687	317	
232	502	399	871	489	117	711	544	663	95	746	146	815	782	508	448	310	640	529	638	68	573	931	49	184	890	737	151	894	73	801	387	632	569	223	193	904	25	739	887	867	
233	644	483	243	684	952	153	599	622	419	329	53	73	883	822	468	631	841	209	309	131	793	7	91	566	211	286	83	515	896	526	132	342	895	915	862	281	196	669	887	869	
234	790	388	875	400	518	805	819	825	258	842	704	164	788	736	25	69	43	619	581	794	222	184	299	894	622	915	248	188	203	571	705	33	730	275	661	246	666	6	811	821	
235	605	319	886	812	171	56	222	53	10	690	948	111	296	492	771	775	660	719	423	246	46	8	355	587	477	631	941	811	904	844	86	358	351	101	299	449	890	338	47	24	
236	594	53	10	189	450	908	530	383	874	133	589	608	918	275	240	777	155	641	813	647	109	460	553	731	730	841	677	673	61	428	262	630	285	755	193	728	826	787	700	470	
237	120	241	410	274	321	158	313	197	442	828	643	375	226	701	897	939	514	490	276	290	841	526	571	242	263	396	32	366	784	820	859	738	672	56	44	328	316	890	608	702	
238	805	479	398	597	54	230	206	153	94	463	173	690	822	290	546	200	658	946	900	490	87	611	698	689	588	746	480	243	916	86	719	25	778	59	649	940	723	476	242	333	
239	26	904	877	230	754	343	892	958	791	162	745	906	439	500	741	198	625	443	112	837	604	515	56	5	907	934	453	391	591	60	340	94	190	921	898	69	115	184	365	437	
240	854	946	149	247	478	692	648	248	339	431	766	731	473	401	130	147	938	565	466	688	611	22	649	313	450	906	763	380	46	109	545	290	951	91	886	518	224	226	736	647	
241	538	438	403	668	595	487	754	424	687	721	440	207	405	915	151	839	558	194	223	690	233	862	800	747	899	836	147	863	517	294	478	782	633	951	625	18	301	239	931	930	
242	255	139	496	857	71	816	843	488	757	208	47	755	116	120	385	791	885	936	470	744	466	867	246	606	305	386	607	907	428	781	845	272	559	908	953	593	737	475	416	614	
243	134	253	709	468	292	690	505	251	932	716	666	80	188	894	154	590	203	886	897	937	452	749	118	388	783	252	250	355	44	881	437	163	346	546	245	425	695	65	692	408	
244	872	369	537	391	699	728	258	498	587	246	449	559	100	373	676	420	168	257	954	824	882	217	594	71	632	614	454	666	182	652	278	9	832	412	243	88	665	439	368	250	
245	489	550	389	916	141	353	26	706	835	897	374	953	636	448	826	746	882	193	591	553	60	912	285	526	224	426	702	92	40	192	434	864	696	120	788	284	798	117	460	229	
246	619	600	135	778	833	646	932	438	174	748	432	88	696	449	725	576	697	523	526	268	238	677	926	517	138	63	642	388	912	294	740	665	352	390	337	493	81	365	109	101	
247	257	465	486	522	553	21	870	935	501	456	141	371	594	303	926	432	72	260	376	339	266	254	264	101	587	531	126	297	660	444	381	383	788	504	343	776	119	659	267	122	
248	744	33	216	829	933	153	683	857	14	863	786	437	324	34	147	404	712	180	8	433	59	844	654	743	492	91	393	771	499	116	688	755	820	194	406	335	630	124	741	669	
249	522	504	449	473	745	738	940	669	336	721	754	915	148	24	872	334	777	199	878	128	362	896	626	557	58	838	117	223	44	471	530	860	832	380	316	725	48	286	775	288	
250	778	347	106	488	286	537	515	803	922	283	91	581	564	82	556	628	456	53	544	891	195	211	412	322	319	680	573	446	559	367	545	357	894	56	362	293	435	314	277	728	
251	810	466	812	411	909	169	113	820	522	215	818	456	835	139	889	654	869	653	60	944	894	387	724	564	591	634	368	603	675	291	715	457	863	732	551	921	945	588	774	430	
252	803	236	261	846	104	808	948	731	946	951	377	179	500	853	115	777	867	307	350	699	634	813	119	607	768	444	608	863	717	493	5	328	267	273	128	29	762	54	561	246	
253	23	467	309	637	784	772	654	748	468	195	491	777	674	616	917	710	437	909	327	324	380	826	321	279	265	834	24	585	653	808	528	609	646	556	485	45	624	5	93	340	
254	474	218	852	548	423	311	688	504	441	95	673	685	512	207	317	915	742	221	276	198	927	570	282	385	500	532	829	87	127	277	151	48	436	810	629	253	26	916	487	796	
255	741	324	358	750	508	211	570	111	639	627	283	7	713	166	535	156	818	173	819	811	856	68	469	471	544	204	802	704	311	393	419	472	30	653	109	434	293	116	897	924	
256	438	530	689	367	278	490	68	420	680	225	220	426	499	754	918	437	804	482	370	280	279	247	244	406	338	805	137	501	210	713	942	405	75	89	526	923	938	450	925	342	
257	318	187	853	327	226	370	907	660	302	492	129	646	33	638	138	516	351	204	440	266	513	901	944	354	12	401	222	409	885	419	391	584	427	832	887	474	75	158	933	509	
258	862	116	439	333	477	868	343	794	299	521	812	640	256	124	772	805	193	94	421	871	273	245	851	198	634	748	155	941	586	106	275	167	371	938	99	655	946	710	196	584	
259	943	468	904	751	548	246	347	270	130	749	392	851	784	430	319	384	86	568	149	739	121	868	652	73	807	318	85	431	309	19	595	313	775	715	610	806	497	569	88	132	
260	539	305	522	736	554	154	722	321	477	196	464	918	500	763	943	876	24	924	746	484	55	679	78	229	815	598	769	654	557	685	3	494	790	275	820	184	37	96	86	817	
261	854	375	213	940	68	726	452	184	590	235	554	280	254	553	317	499	237	348	429	141	673	570	229	758	889	698	845	386	267	937	19	440	395	378	939	399	367	605	724	534	
262	528	596	669	818	834	937	589	266	645	751	13	21	70	516	131	591	349	229	418	220	80	191	578	820	282	869	253	250	806	556	39	447	12	538	127	602	473	26	461	59	
263	782	180	145	124	491	125	601	953	685	715	243	674	533	364	260	846	88	952	850	899	227	92	467	575	503	135	344	917	514	896	803	210	748	860	706	607	140	551	929	131	
264	923	517	98	554	361	601	752	37	782	870	208	625	740	309	184	764	435	886	101	421	557	937	872	708	604	255	128	938	920	893	558	618	253	546	389	152	796	841	513	400	
265	881	785	729	890	470	122	408	141	501	594	616	722	131	210	816	491	876	3	288	723	841	36	73	39	601	784	435	870	47	28	425	757	168	959	344	805	928	181	664	825	
266	486	293	842	675	684	385	419	847	771	493	583	866	839	740	858	68	599	216	339	412	585	89	850	666	475	632	371	59	428	172	99	72	620	501	818	673	337	895	618	952	
267	523	72	159	800	315	133	264	8	416	770	909	194	17	202	161	330	114	582	210	131	545	552	415	579	48	843	713	850	728	83	109	367	363	27	336	84	395	399	508	666	
268	22	459	417	305	437	513	266	853	816	94	709	742	561	500	49	26	814	439	512	42	71	915	763	715	45	642	199	544	393	285	38	622	796	882	896	784	482	664	164	108	
269	829	511	714	869	335	395	91	723	552	419	499	112	801	196	613	787	263	604	63	163	893	20	912	4	749	488	726	795	142	287	671	182	28	281	453	332	775	577	895	821	
270	433	400	810	938	372	492	881	454	646	826	561	456	898	197	412	161	928	619	167	588	899	278	803	222	122	494	425	94	447	653	956	22	900	628	298	752	892	499	105	612	
271	911	685	930	386	151	359	569	688	631	141	442	793	826	140	492	117	328	118	170	11	928	39	238	308	194	105	303	33	876	213	877	671	136	315	522	666	484	68	155	32	
272	610	278	639	104	113	632	751	467	444	951	727	49	609	776	100	775	356	46	543	464	869	222	761	193	79	674	743	81	83	827	752	660	138	3	825	368	527	667	117	78	
273	251	439	358	33	199	705	66	34	68	909	88	374	210	651	233	545	368	459	275	543	2	950	497	304	700	381	819	534	269	503	566	945	780	843	589	443	128	622	417	709	
274	525	649	715	664	356	25	865	446	118	341	400	260	814	594	492	701	95	485	451	266	251	71	632	345	775	61	527	108	587	696	4	732	782	185	481	413	385	122	655	835	
275	635	522	941	197	101	759	543	834	439	304	425	257	419	171	700	445	719	709	399	545	329	168	434	80	311	178	799	232	396	20	19	904	194	119	731	143	516	166	498	167	
276	938	40	522	195	939	492	553	36	782	299	54	98	162	8	148	425	495	379	622	386	556	558	915	916	819	103	773	42	177	616	460	694	674	211	913	470	189	850	743	599	
277	747	246	300	568	446	478	785	496	864	155	118	49	713	570	943	886	801	849	924	598	709	727	374	134	571	803	132	191	741	800	797	590	24	41	133	52	210	492	945	731	
278	286	448	268	262	110	737	435	684	743	687	346	260	312	240	638	358	235	21	731	493	569	766	287	223	35	895	863	848	62	677	586	899	463	372	91	467	23	947	82	721	
279	624	683	36	175	729	491	690	924	591	143	56	113	93	578	135	716	564	2	565	890	254	163	211	731	816	407	607	640	479	108	635	728	404	342	926	908	290	943	714	807	
280	951	828	765	826	754	114	876	127	500	313	109	764	634	623	116	746	810	48	0	279	43	533	150	521	250	890	239	164	379	581	366	462	76	611	212	272	928	853	119	383	
281	203	940	624	477	153	784	533	570	868	711	679	670	934	116	460	683	331	414	255	831	394	499	134	856	886	781	356	59	592	627	848	854	608	35	743	36	708	143	862	145	
282	327	421	58	159	53	787	771	456	942	459	54	515	826	782	348	193	661	387	490	533	608	394	283	39	120	922	674	754	823	824	699	81	610	928	579	442	228	934	204	904	
283	316	413	817	509	242	312	807	711	143	751	21	642	653	100	166	639	333	903	860	900	712	311	615	595	776	618	502	495	856	206	589	157	313	880	471	616	86	670	766	103	
284	250	904	314	2	513	300	870	51	12	179	729	330	185	469	755	180	467	4	374	380	69	136	472	338	661	934	726	332	271	391	202	554	190	150	640	350	674	682	6	588	
285	223	165	514	782	819	732	840	571	106	504	108	41	917	28	277	560	568	327	339	753	771	508	627	663	644	417	336	221	858	166	684	209	365	358	383	791	668	466	718	688	
286	503	524	384	572	175	593	685	766	266	731	313	736	475	198	800	183	50	817	7	400	167	768	586	862	63	823	621	30	576	108	540	353	201	153	703	698	688	200	644	820	
287	362	365	160	768	43	825	336	945	205	44	869	428	118	747	383	217	501	466	473	366	779	134	656	375	480	57	544	833	589	587	476	827	538	377	344	819	552	492	42	959	
288	137	766	341	283	532	889	840	403	505	226	841	420	83	758	172	606	316	115	396	485	26	619	23	102	756	781	744	914	67	653	335	474	245	613	511	466	672	660	656	2	
289	297	619	116	221	837	854	820	666	281	568	890	522	774	761	472	134	400	930	267	550	384	551	705	691	899	282	607	547	714	428	628	390	827	201	331	182	85	516	126	879	
290	941	433	671	784	124	557	747	437	829	286	569	288	120	764	55	669	472	849	151	741	260	6	68	556	252	94	887	418	811	412	492	201	532	765	891	35	861	718	934	52	
291	43	146	41	489	76	940	675	174	874	907	96	937	294	86	318	913	933	370	28	218	30	649	912	724	113	536	464	955	563	531	326	39	524	50	627	583	115	169	902	739	
292	30	426	253	144	349	531	140	197	800	230	958	619	442	955	222	563	100	433	600	684	901	490	604	21	177	760	3	496	687	530	693	599	703	844	394	467	475	774	47	555	
293	382	419	268	442	611	828	772	655	662	444	394	273	850	383	924	521	932	609	559	487	646	194	303	757	110	86	791	856	637	196	318	83	953	11	692	140	957	171	461	595	
294	559	451	445	608	627	375	613	28	350	84	109	739	558	695	19	585	312	170	387	539	353	657	295	679	849	197	640	766	357	62	822	888	164	182	364	121	309	715	408	243	
295	719	101	402	940	560	602	682	257	146	142	831	492	539	671	717	130	148	192	391	383	732	35	742	134	798	605	640	356	768	5	348	917	221	477	901	713	502	628	541	168	
296	932	522	820	467	657	950	601	877	936	901	432	90	202	804	709	710	643	128	96	105	636	811	410	330	370	898	687	514	742	76	787	3	599	358	10	920	301	285	563	239	
297	695	156	164	404	535	7	700	959	380	230	181	913	145	454	185	155	628	860	439	288	618	172	629	476	529	937	936	260	214	30	194	400	615	204	907	247	44	917	243	121	
298	50	920	807	931	39	94	610	783	781	565	710	106	425	730	555	186	635	605	503	607	51	703	494	344	34	31	524	586	559	469	401	957	651	351	669	360	231	571	444	750	
299	228	19	835	744	395	735	860	293	574	584	542	111	622	201	481	656	335	347	336	85	585	913	959	274	241	129	639	934	951	932	880	65	864	191	663	675	311	643	817	320	
300	690	838	382	942	644	896	192	86	521	126	161	226	783	101	576	842	6	758	423	384	482	550	846	235	641	746	545	471	78	273	260	555	741	598	147	667	440	54	110	735	
301	113	639	181	675	793	618	208	832	312	938	435	619	702	901	928	556	929	99	493	594	840	676	903	486	488	567	759	93	745	804	209	91	698	345	434	117	822	457	377	477	
302	258	144	30	829	566	828	267	551	106	396	208	440	532	504	24	130	81	433	860	42	321	169	726	526	920	470	57	235	754	115	799	127	807	776	643	938	416	44	688	154	
303	41	264	185	359	711	349	363	892	139	393	448	376	871	134	405	148	641	371	735	709	774	919	409	676	833	163	321	652	44	759	707	259	808	246	413	933	577	518	734	78	
304	263	689	159	835	257	695	627	476	568	331	905	89	700	847	212	503	359	63	938	321	166	364	106	41	180	109	98	151	297	913	688	897	756	344	423	508	165	34	116	465	
305	494	231	65	20	810	361	665	113	606	679	845	8	895	788	599	315	53	775	702	5	479	628	57	269	535	91	791	250	951	639	222	74	284	282	819	158	489	783	58	216	
306	527	608	61	232	844	417	786	419	242	364	184	534	426	151	643	409	760	675	761	487	769	54	571	44	74	140	168	864	578	425	702	20	195	594	322	842	341	188	290	820	
307	645	730	882	851	802	468	910	544	345	339	873	458	944	401	448	805	551	642	188	351	430	76	769	229	868	86	865	782	593	600	385	888	810	3	800	253	757	148	918	739	
308	750	872	922	787	106	722	199	781	570	235	736	25	850	937	849	449	819	440	317	37	52	547	47	113	46	603	848	302	482	299	397	442	521	140	100	742	428	167	323	949	
309	576	690	274	379	782	670	458	34	371	743	647	610	720	758	350	12	324	838	432	717	599	198	831	497	568	193	230	362	375	563	67	442	277	816	584	436	902	66	295	470	
310	606	824	708	709	195	57	506	127	711	791	222	401	340	167	327	842	397	593	782	47	114	675	18	944	644	235	767	91	938	196	848	208	468	112	851	757	551	45	106	631	
311	815	93	384	642	301	645	165	508	59	422	163	928	698	747	843	840	298	937	107	724	120	37	8	655	918	790	904	720	145	557	110	415	95	211	331	153	888	306	691	150	
312	808	630	239	328	481	213	561	743	21	268	141	203	132	108	37	857	147	278	161	479	323	49	199	656	327	156	929	241	22	219	545	639	7	313	628	896	728	716	873	85	
313	178	615	534	19	943	529	120	335	474	310	25	824	541	439	554	321	666	482	63	185	709	358	489	736	810	682	254	701	2	664	722	291	547	510	75	437	883	308	305	746	
314	546	512	901	206	857	118	596	265	45	548	587	740	537	492	909	201	43	563	387	394	189	442	947	934	423	139	85	135	435	407	802	337	861	365	723	844	333	54	744	125	
315	366	61	30	639	957	788	75	547	727	696	714	164	25	737	258	413	517	600	556	569	39	777	463	363	857	78	800	453	953	485	242	265	636	752	415	543	101	237	697	93	
316	261	322	671	507	452	130	939	499	573	812	109	366	143	372	409	604	240	647	636	292	645	649	245	957	560	609	161	27	874	311	215	591	401	124	790	296	323	491	443	735	
317	683	207	247	946	859	198	385	270	283	260	712	818	321	667	748	658	194	953	45	505	72	498	548	563	581	191	497	170	454	775	500	463	843	222	0	700	214	460	140	919	
318	770	783	428	697	214	99	576	591	922	192	811	385	809	165	519	786	200	916	728	264	374	413	574	268	901	864	750	659	39	78	610	844	879	912	319	940	297	665	446	351	
319	255	644	571	309	216	682	244	643	450	819	649	502	513	30	64	606	490	257	760	148	748	268	418	109	668	909	809	438	864	165	826	253	350	238	723	467	180	225	477	337	
320	810	310	444	345	676	844	228	606	797	332	494	167	16	586	683	463	312	747	440	145	251	205	83	642	355	547	364	479	461	352	511	649	101	87	482	526	146	96	602	42	
321	109	701	755	718	184	189	592	159	205	353	319	514	788	62	720	151	441	226	552	899	861	506	145	499	716	308	468	670	560	608	330	778	644	924	623	209	650	176	504	101	
322	65	823	103	786	402	704	476	67	266	499	686	776	12	120	186	406	456	404	59	399	533	667	772	72	753	905	889	496	106	716	40	317	308	663	584	668	346	157	526	764	
323	606	422	244	451	672	547	314	447	512	831	747	223	199	886	290	99	3	810	524	401	626	372	368	42	546	568	812	412	597	508	513	697	234	122	146	744	58	115	232	346	
324	833	775	122	384	318	451	875	956	28	58	21	469	721	23	453	686	199	817	710	313	185	544	739	104	225	527	231	484	400	595	807	642	797	763	131	307	897	809	744	826	
325	450	288	25	355	847	29	432	307	555	363	927	347	398	178	764	816	73	80	957	736	232	170	703	93	412	580	590	478	282	464	800	263	254	132	674	357	500	943	248	671	
326	216	909	190	298	732	473	85	59	170	738	603	898	523	801	313	712	266	99	938	79	865	795	138	792	527	567	450	903	501	613	156	21	576	812	334	939	510	884	560	398	
327	240	457	307	65	672	540	785	295	948	715	896	361	772	546	235	343	937	417	866	146	86	127	209	873	620	48	303	194	520	100	119	252	416	336	348	594	782	560	761	707	
328	747	909	710	239	672	251	786	69	633	231	557	795	571	207	357	413	120	914	437	810	544	746	440	955	218	887	548	838	660	190	948	482	791	433	870	427	670	305	423	936	
329	296	593	332	875	588	29	450	441	205	282	776	555	110	336	219	468	391	838	690	740	345	845	236	287	959	711	803	165	649	658	521	157	167	37	458	176	623	79	901	82	
330	913	784	589	345	413	393	911	399	453	944	757	326	165	840	75	619	320	785	417	350	333	315	688	65	818	289	384	143	783	116	264	304	254	565	280	778	153	936	884	25	
331	125	453	513	66	142	496	806	164	764	619	43	49	836	715	484	252	121	424	276	274	196	345	76	206	554	608	211	872	717	801	10	398	566	537	16	758	81	652	292	306	
332	569	127	329	325	694	40	239	949	644	163	271	673	150	870	663	85	923	119	263	156	896	861	411	21	532	746	629	196	78	508	769	436	517	130	300	891	23	340	284	952	
333	889	675	78	323	946	620	347	868	956	141	506	642	557	23	263	734	215	228	451	769	108	491	91	102	657	813	429	549	835	520	858	129	883	89	933	445	562	77	762	612	
334	132	825	73	700	560	543	286	175	193	361	774	678	144	97	627	154	897	228	481	871	656	660	506	291	654	910	439	109	38	668	713	329	37	171	951	683	954	575	328	785	
335	57	421	739	790	486	810	309	772	625	522	211	683	829	939	33	431	37	267	690	422	129	55	48	293	511	703	268	427	294	797	947	51	478	780	803	295	179	628	760	324	
336	326	3	884	86	317	150	16	323	185	220	138	264	184	154	909	540	40	8	845	508	741	572	246	122	202	180	667	229	311	734	514	63	888	173	227	754	34	236	109	254	
337	894	786	906	694	170	151	740	364	571	455	936	618	295	597	266	611	419	945	649	744	136	29	308	479	763	124	749	178	909	684	301	260	224	661	392	553	12	834	242	918	
338	768	496	130	534	813	805	631	895	543	67	825	229	685	925	545	269	468	265	186	612	887	73	241	330	577	12	521	230	195	896	322	383	684	869	106	317	469	709	376	584	
339	530	691	706	367	391	337	497	203	509	661	50	671	438	76	175	195	637	223	830	642	384	21	536	64	866	281	140	800	589	765	116	36	389	576	489	406	707	12	627	615	
340	640	195	707	919	784	763	37	916	945	391	304	358	484	377	0	74	36	422	670	308	615	669	637	581	551	704	938	760	219	123	370	569	654	896	653	814	608	955	70	518	
341	462	199	923	725	116	610	167	607	272	414	894	882	265	154	473	634	816	113	563	207	69	689	209	765	847	10	311	898	88	351	548	380	491	873	443	527	870	861	117	229	
342	542	394	753	109	403	256	523	932	867	184	943	659	509	496	688	792	857	790	916	554	678	679	434	664	708	472	0	337	116	501	230	489	461	520	214	730	432	380	608	457	
343	701	834	705	843	647	180	828	296	390	888	749	479	908	680	537	42	891	944	777	707	884	503	345	38	82	1	588	217	89	20	418	874	873	685	376	440	6	96	244	767	
344	122	745	169	370	40	129	442	502	56	257	811	399	682	567	163	919	829	377	561	886	463	185	396	398	389	666	735	54	237	322	517	810	610	688	144	192	432	784	337	862	
345	633	781	467	555	88	39	425	771	323	197	810	815	438	396	121	724	14	752	74	938	755	139	865	688	761	940	733	159	648	945	566	668	123	344	515	689	135	914	511	638	
346	157	729	524	236	81	708	504	803	827	25	576	317	542	546	786	506	327	451	855	373	952	266	753	214	70	200	257	714	640	799	941	432	209	541	160	424	776	594	99	597	
347	890	393	917	247	175	608	623	660	541	455	939	648	452	395	438	482	261	151	28	55	891	129	744	312	109	467	194	257	717	60	356	382	942	860	197	284	529	246	807	419	
348	243	106	639	70	75	483	534	376	461	785	943	130	498	666	490	915	315	76	232	855	116	87	432	778	950	185	594	463	623	633	714	444	741	792	743	825	645	748	329	873	
349	656	758	551	473	417	95	277	787	42	867	305	780	602	577	713	745	211	612	304	449	223	451	913	357	734	710	836	670	387	938	927	437	640	102	847	697	383	231	252	339	
350	569	567	863	366	927	417	463	788	4	360	784	592	219	522	57	869	740	848	384	647	601	291	632	651	8	801	536	797	193	752	254	113	306	722	756	828	657	570	305	675	
351	634	479	931	947	858	526	747	84	523	772	490	376	768	316	827	920	36	198	448	97	62	89	226	746	152	426	147	810	544	445	726	744	718	380	194	434	199	582	387	210	
352	642	777	545	574	617	211	197	335	194	613	377	629	590	10	111	104	625	934	389	33	404	18	711	651	8	743	501	244	556	409	455	457	464	775	815	129	154	79	862	280	
353	681	39	393	767	121	938	45	18	391	495	401	394	693	736	459	756	111	586	773	290	399	624	321	800	254	101	219	361	604	218	654	667	99	436	314	41	97	677	336	109	
354	447	716	778	400	362	651	332	842	633	162	889	114	248	511	852	844	685	350	951	729	222	320	246	627	404	25	665	798	74	4	903	152	910	797	841	236	760	167	530	538	
355	925	178	584	53	846	410	419	750	265	179	118	853	175	107	908	349	185	810	119	800	103	957	421	98	122	628	948	218	163	392	712	815	443	769	922	831	756	151	915	165	
356	464	536	793	60	785	457	105	159	496	208	806	883	594	658	48	616	375	216	633	827	885	183	404	576	677	207	94	156	917	3	91	348	941	297	652	794	559	929	486	377	
357	332	928	688	330	80	943	621	913	959	600	404	955	95	597	513	453	464	90	939	602	860	598	214	187	911	55	521	356	393	364	195	877	81	46	362	686	940	193	324	294	
358	878	759	937	478	593	823	312	201	516	380	906	559	325	544	740	586	306	539	625	369	29	263	175	307	798	614	296	838	429	101	548	609	752	546	861	806	721	557	947	852	
359	907	353	540	743	833	240	738	315	527	938	839	723	826	658	405	27	398	402	922	890	356	949	520	490	929	918	220	456	319	793	510	423	592	152	360	874	63	544	715	530	
360	666	926	622	852	589	340	665	687	432	336	689	252	261	479	420	455	506	126	584	541	118	81	510	550	664	285	565	292	158	588	862	68	755	944	8	329	605	322	20	331	
361	916	155	336	906	445	108	951	508	689	249	920	261	398	697	792	903	65	241	952	849	111	904	533	915	724	662	117	341	41	62	64	105	908	318	461	415	411	516	607	567	
362	864	323	688	412	52	135	237	335	349	5	833	353	826	823	918	805	865	486	601	869	134	713	62	916	287	717	517	132	261	437	507	921	926	420	835	510	953	248	406	214	
363	441	794	73	757	246	339	719	849	416	34	254	435	549	267	790	754	661	369	383	98	453	103	786	393	625	68	859	658	613	821	477	70	925	408	791	823	683	710	582	639	
364	217	112	299	297	847	621	526	109	504	82	515	418	481	324	300	47	289	138	127	642	191	102	842	133	528	870	820	32	950	453	791	83	568	168	685	524	150	496	876	142	
365	87	154	618	354	497	466	307	440	415	248	54	721	51	419	381	475	364	230	866	286	267	595	0	152	35	446	297	612	880	516	599	225	361	459	740	463	472	10	637	956	
366	810	461	660	33	130	306	853	7	83	56	92	942	814	569	869	46	664	52	515	159	224	592	533	183	48	414	502	242	927	565	119	276	198	197	888	126	830	629	154	131	
367	239	226	662	839	253	363	542	384	402	933	132	208	158	216	595	796	10	593	820	342	707	900	107	497	670	13	80	325	924	739	341	669	829	42	443	944	131	161	950	797	
368	296	629	111	14	186	204	7	886	823	121	655	365	547	325	448	730	663	751	621	471	476	49	373	144	953	133	637	492	136	360	734	176	15	222	794	800	142	950	917	487	
369	21	847	129	312	472	27	155	54	837	675	405	785	533	331	275	946	34	664	473	218	504	815	580	838	622	223	761	725	951	290	540	236	372	288	130	730	12	53	488	632	
370	831	948	805	787	439	620	221	846	289	618	504	1	506	639	594	486	941	131	52	694	220	281	324	271	765	565	56	409	167	156	656	169	492	107	517	682	539	125	298	413	
371	579	192	298	375	350	303	410	563	847	116	587	358	546	437	150	663	725	141	126	272	919	764	337	117	207	733	399	917	96	153	846	127	108	539	797	343	131	872	936	781	
372	927	604	892	134	343	651	42	840	103	657	48	494	83	184	898	937	341	665	801	708	283	580	46	492	943	674	193	879	503	921	950	196	158	432	775	76	146	628	160	535	
373	240	282	494	298	572	229	954	127	854	714	949	782	745	467	147	75	422	129	29	48	113	245	386	252	154	912	623	828	590	666	415	457	334	288	499	274	161	162	773	347	
374	262	236	186	518	749	322	86	594	615	897	596	737	538	580	55	830	441	453	219	542	883	516	143	934	875	813	487	942	617	885	652	837	15	901	471	693	846	666	798	8	
375	857	812	462	522	282	205	954	657	421	405	435	955	42	60	793	311	750	647	48	199	935	247	771	87	286	501	418	884	163	276	757	678	328	242	116	410	666	54	189	900	
376	776	96	794	217	741	195	511	567	825	227	450	895	813	927	328	574	315	917	775	805	543	289	437	798	681	550	320	753	273	907	640	680	458	707	490	177	730	722	198	837	
377	744	333	675	647	919	353	73	687	914	86	679	808	789	110	437	603	232	438	475	51	2	255	507	472	831	323	352	492	555	248	614	650	263	709	540	399	769	823	546	814	
378	340	883	87	408	953	279	879	899	98	480	133	362	619	139	51	469	782	250	353	666	598	282	154	804	86	387	37	563	26	415	338	228	222	847	595	819	254	714	461	446	
379	878	327	175	716	619	734	707	589	561	874	194	803	303	369	429	674	824	839	345	20	571	203	129	117	260	772	749	165	919	222	353	385	218	88	814	103	508	431	816	918	
380	790	46	848	926	6	454	588	277	89	289	635	76	175	692	395	577	25	915	654	86	838	202	885	2	479	489	923	199	431	607	773	484	519	587	552	459	801	334	875	405	
381	899	677	495	501	806	182	396	747	728	296	798	442	863	568	513	667	841	408	947	446	700	788	579	325	769	819	94	265	173	646	289	844	588	952	414	862	888	332	25	71	
382	426	294	823	42	401	77	947	162	417	239	531	944	46	357	282	152	697	889	64	392	74	678	607	443	831	670	47	285	355	402	756	816	2	109	758	110	124	289	882	857	
383	231	847	462	156	129	851	200	411	323	919	292	397	913	889	793	741	874	912	428	94	550	613	473	408	635	736	756	738	902	192	848	856	136	655	160	623	175	341	668	14	
384	24	909	678	415	657	917	878	423	547	681	787	658	464	786	523	467	793	603	516	874	451	773	6	475	828	174	910	888	457	605	507	0	520	214	616	430	285	770	876	530	
385	803	601	807	664	357	77	731	718	913	550	829	929	617	553	12	359	60	255	34	163	149	19	457	900	242	508	399	366	887	796	541	637	932	840	260	583	581	41	281	610	
386	744	162	67	615	20	306	722	885	504	220	339	760	226	262	33	555	625	480	125	347	333	837	673	366	85	166	658	485	473	293	629	350	714	63	99	285	751	750	127	203	
387	921	334	840	63	920	62	554	61	431	457	538	252	838	902	801	109	607	572	888	120	523	586	854	841	798	70	646	587	288	101	828	819	645	91	425	833	95	450	525	706	
388	403	256	205	538	74	293	133	768	616	146	927	330	898	928	805	619	12	447	339	122	720	670	113	501	550	395	31	901	96	796	434	579	69	461	830	700	449	490	500	433	
389	26	432	623	866	358	175	777	909	571	946	819	113	424	482	5	279	162	552	594	723	769	0	328	493	568	278	106	531	735	151	840	732	157	207	137	95	766	619	245	213	
390	423	13	824	718	697	416	547	419	760	169	628	940	941	543	535	435	9	253	492	40	266	917	651	661	675	487	725	23	498	430	513	102	522	88	172	555	619	288	784	5	
391	781	687	53	953	762	895	839	538	843	616	629	599	132	239	392	736	481	752	320	775	445	487	438	530	536	168	896	910	215	593	341	870	12	892	625	51	248	955	342	846	
392	123	614	773	442	337	789	226	354	280	322	658	748	560	288	12	0	300	895	15	462	176	539	84	626	299	440	921	713	173	536	894	393	613	326	758	355	148	786	374	293	
393	506	898	748	737	729	95	689	954	848	622	288	20	846	465	489	110	806	279	165	201	417	314	188	258	767	397	198	31	248	368	616	263	482	184	873	425	222	403	227	796	
394	684	762	386	448	692	125	486	779	875	465	823	113	290	221	55	58	938	924	815	237	643	772	612	137	250	507	754	398	548	142	573	603	245	56	809	788	270	354	462	902	
395	535	678	38	462	718	344	457	54	606	903	860	98	52	448	197	683	206	276	225	585	789	347	698	950	876	825	691	784	649	32	902	128	579	87	881	857	429	633	427	386	
396	483	320	285	24	418	835	911	782	413	958	544	278	845	530	827	645	264	652	262	114	469	362	415	63	28	574	91	552	135	70	614	96	719	348	599	374	662	172	955	142	
397	64	663	575	372	314	936	848	944	954	202	768	923	328	249	236	368	125	567	91	486	458	448	42	190	765	895	38	792	256	2	378	10	739	556	522	51	667	745	286	653	
398	394	359	643	258	768	4	174	833	194	770	419	272	651	533	420	785	368	399	175	457	763	338	121	941	456	896	754	125	423	760	263	646	195	627	156	303	88	436	905	761	
399	398	17	245	945	570	851	726	152	611	634	957	269	386	680	147	553	280	233	584	551	389	112	397	136	661	868	67	757	605	539	947	102	199	933	191	68	554	76	600	330	
400	30	282	754	433	206	668	181	652	590	806	758	305	943	535	293	345	721	584	457	57	189	680	818	163	525	842	23	154	67	928	45	133	177	897	71	324	407	562	700	508	
401	663	734	878	832	695	383	143	724	859	307	211	612	528	613	844	787	828	369	370	640	533	713	195	520	786	525	76	607	292	648	692	853	120	362	691	681	771	758	781	676	
402	315	661	151	211	455	679	510	319	28	283	267	671	165	253	742	141	41	464	856	695	936	413	341	279	901	138	377	677	619	942	722	778	105	292	863	89	607	351	87	186	
403	30	893	877	934	587	542	659	474	580	54	765	517	838	417	551	516	911	503	25	785	959	609	42	568	171	451	330	630	729	933	660	768	447	813	850	449	140	279	865	882	
404	167	450	307	776	637	50	582	92	665	603	535	457	309	925	467	85	15	715	142	468	448	432	759	202	201	916	332	272	239	123	586	569	842	559	680	948	536	511	452	52	
405	791	776	478	79	914	435	68	868	891	191	845	321	250	449	906	324	197	681	890	256	561	774	125	802	199	396	267	596	475	166	417	217	295	909	922	481	501	115	953	21	
406	872	175	773	239	735	309	437	25	692	453	856	119	321	866	308	71	226	838	430	749	893	596	298	328	576	526	626	713	810	264	348	389	205	93	615	201	146	288	295	813	
407	189	597	482	556	50	98	633	882	56	0	459	55	894	182	86	460	604	72	927	627	730	236	468	180	886	445	113	109	930	243	800	362	333	659	356	565	675	739	887	880	
408	599	673	114	736	480	692	238	204	449	931	105	519	782	5	171	586	556	761	617	261	472	726	553	887	107	229	743	445	220	14	504	231	518	529	877	401	759	954	241	186	
409	199	535	364	781	316	295	174	950	695	24	761	763	114	10	189	159	757	243	938	803	76	194	322	269	888	770	946	296	549	450	866	540	883	203	31	122	465	265	284	929	
410	197	561	723	237	74	868	50	938	592	932	898	132	29	487	180	446	954	542	423	397	8	897	906	323	523	845	614	241	130	743	477	890	276	41	496	51	595	171	363	325	
411	84	833	477	275	319	196	331	93	226	726	870	484	394	736	185	336	533	222	679	462	386	414	661	637	74	260	868	651	179	658	802	859	162	486	513	683	369	132	648	947	
412	641	790	520	272	658	689	402	481	592	218	743	753	688	841	944	407	188	557	815	475	427	431	950	26	245	507	599	108	101	893	667	899	112	488	630	87	901	637	635	832	
413	293	74	717	675	565	817	918	720	338	170	635	43	228	459	15	138	182	647	454	31	325	821	557	343	598	467	153	705	13	93	755	956	757	1	938	633	668	943	176	883	
414	69	942	643	518	237	341	499	140	211	248	652	758	310	743	181	284	928	536	600	850	483	801	835	252	291	874	910	803	597	675	639	456	754	170	568	222	496	925	96	358	
415	852	251	35	328	367	358	170	86	794	930	507	78	365	120	718	92	882	281	27	673	666	516	760	627	174	810	98	613	8	655	90	136	834	883	306	49	47	370	359	893	
416	393	809	177	403	747	794	153	553	320	721	843	714	892	392	428	86	202	841	557	522	517	146	609	449	298	125	203	59	205	96	188	350	588	115	92	442	578	496	134	81	
417	765	640	409	535	881	147	203	694	45	336	1	725	655	814	733	922	372	801	791	942	563	634	16	75	264	226	844	89	132	636	477	783	300	685	272	673	894	540	65	134	
418	709	911	78	171	951	154	521	39	126	144	520	70	140	555	878	114	238	336	26	732	612	20	223	542	752	574	820	478	621	398	237	565	162	639	746	272	727	138	399	343	
419	359	747	948	397	919	231	221	504	230	270	684	129	741	958	341	605	777	232	723	429	63	855	281	483	511	174	332	935	292	176	111	441	635	902	479	471	858	445	64	97	
420	819	783	119	827	232	99	345	883	929	343	164	100	349	508	237	25	453	610	26	54	327	86	465	468	225	298	49	620	572	500	703	374	316	921	611	338	149	524	852	166	
421	544	529	401	777	494	391	850	95	348	741	446	6	359	452	926	753	194	542	274	595	742	661	450	255	426	567	280	717	403	448	876	319	877	416	320	549	795	639	558	765	
422	939	575	94	287	109	129	444	152	198	106	362	150	768	679	369	68	804	302	510	949	395	903	267	902	177	203	411	255	236	42	699	794	566	484	905	321	149	341	465	468	
423	342	161	635	753	690	181	588	19	584	701	146	420	426	151	579	83	219	712	289	855	815	224	531	916	439	75	714	648	720	356	532	171	735	651	226	766	52	608	734	652	
424	509	684	583	752	442	381	60	279	817	593	406	839	739	118	187	864	702	494	241	866	468	216	879	560	332	141	122	916	600	329	943	706	935	267	475	161	539	446	659	199	
425	957	24	513	772	559	3	381	483	739	763	669	428	331	55	205	174	80	11	354	955	391	269	427	563	161	822	329	838	418	524	628	788	958	528	535	124	63	548	909	247	
426	950	814	348	199	213	427	84	11	897	251	107	308	188	870	340	695	697	805	630	560	430	37	478	139	618	327	241	36	105	619	740	365	358	686	751	337	432	817	830	22	
427	0	285	298	776	10	227	425	660	402	777	129	690	1	482	3	455	568	732	245	585	676	528	36	723	886	428	92	902	328	884	391	39	46	15	188	819	134	534	701	439	
428	618	665	35	179	683	249	97	351	626	5	856	300	953	227	357	781	763	50	318	822	936	237	573	612	670	659	29	277	645	545	281	175	635	673	638	42	654	471	911	609	
429	812	310	455	371	389	956	708	345	640	325	120	777	650	857	482	154	942	617	764	744	487	470	54	570	562	51	292	738	167	524	116	101	712	871	34	284	219	265	879	693	
430	188	79	655	920	272	162	684	894	416	549	328	566	87	106	131	879	306	709	745	467	327	457	729	726	646	946	870	14	127	292	381	773	676	20	200	908	336	837	83	9	
431	567	46	503	66	347	722	603	100	585	391	442	718	181	708	315	219	416	665	675	843	586	919	388	881	125	785	162	629	342	724	684	90	160	209	801	306	687	926	339	89	
432	515	5	428	739	880	866	750	18	380	685	63	524	649	212	868	397	307	77	13	602	764	234	722	950	487	749	252	919	225	159	135	27	550	220	870	440	227	881	648	856	
433	425	218	336	513	35	205	400	181	552	537	730	142	124	322	691	266	371	345	819	113	326	839	761	632	38	262	925	934	784	432	806	437	290	828	637	699	429	901	482	394	
434	523	398	734	340	115	132	249	915	842	322	172	615	956	219	281	705	780	723	570	833	296	174	152	731	897	558	189	703	857	535	43	889	926	245	526	790	630	672	240	136	
435	539	63	684	715	361	933	9	693	85	119	827	929	139	494	722	45	503	502	853	784	264	659	779	328	149	27	430	543	832	242	781	342	537	485	820	287	771	664	714	893	
436	222	482	846	594	481	271	31	786	325	762	34	706	776	626	374	723	877	322	136	657	409	777	785	669	765	198	32	285	629	563	90	114	304	724	511	171	850	719	815	568	
437	790	254	876	33	760	643	737	951	722	27	291	75	453	887	696	543	794	775	534	858	745	471	620	256	314	414	103	928	491	84	46	79	273	773	558	86	866	356	157	40	
438	19	353	889	791	317	701	401	903	261	286	711	34	444	734	788	269	260	617	332	859	501	519	932	1	830	950	305	906	528	636	818	524	631	315	17	347	330	582	614	572	
439	134	435	637	221	502	178	473	899	726	93	697	771	567	847	25	501	421	762	636	870	776	628	425	269	648	18	512	244	120	318	232	613	879	767	115	734	56	323	456	33	
440	947	768	379	341	662	659	526	888	727	464	467	372	73	914	780	269	552	943	899	60	98	818	298	698	86	268	510	283	219	582	625	413	196	762	135	129	546	3	705	217	
441	331	50	313	99	538	258	589	469	567	591	639	825	345	578	860	507	328	400	412	449	168	740	778	378	307	921	164	442	838	173	325	517	287	883	897	105	741	391	337	465	
442	872	263	112	408	299	128	836	347	224	423	321	338	626	842	587	288	264	389	218	360	73	889	291	803	219	58	309	495	369	840	353	874	196	65	925	576	788	490	385	121	
443	501	887	514	288	187	374	716	615	433	500	563	399	739	219	328	561	27	733	582	45	452	712	18	740	655	154	641	662	406	795	174	384	791	734	142	868	741	262	421	113	
444	198	844	280	77	791	941	639	572	347	940	862	516	594	602	536	590	78	469	863	592	706	655	943	41	28	785	956	396	212	127	744	865	773	797	634	168	828	82	716	96	
445	719	300	451	39	753	549	644	610	387	228	741	415	492	135	162	377	683	224	18	700	812	473	842	26	365	478	62	309	575	768	718	420	461	900	630	716	570	210	851	225	
446	119	738	269	60	524	177	56	943	213	952	188	405	10	478	244	237	388	109	680	765	451	400	128	152	778	377	12	545	361	872	465	149	956	928	540	741	706	750	845	887	
447	22	596	310	622	97	615	293	171	397	182	381	467	61	812	332	915	59	440	472	98	561	362	635	390	285	865	858	547	496	142	212	588	439	943	8	43	810	297	744	105	
448	605	778	150	299	879	8	384	506	537	774	211	354	723	811	791	422	116	399	927	318	611	859	747	322	215	829	711	677	646	548	309	48	745	118	469	721	383	2	457	852	
449	885	341	155	451	528	652	544	634	153	617	543	893	913	379	828	686	423	133	638	459	107	484	157	248	837	50	412	127	487	491	792	277	704	910	290	30	627	710	778	884	
450	775	650	636	228	864	578	656	250	302	43	668	319	676	461	959	940	458	118	16	408	169	679	79	604	276	685	251	718	586	810	0	394	125	801	110	457	932	645	825	898	
451	680	746	951	838	743	455	145	932	775	378	446	458	650	780	114	622	483	311	786	620	648	549	172	305	265	507	869	535	480	726	306	17	777	404	459	906	660	855	29	521	
452	248	645	192	344	618	148	936	549	622	836	479	424	814	493	51	646	841	58	556	566	301	758	256	162	40	390	842	592	123	567	889	321	944	186	517	473	237	744	129	587	
453	733	778	10	801	520	125	595	484	231	170	748	435	875	267	635	620	648	603	223	837	368	596	856	673	247	599	959	353	600	650	161	584	123	857	587	512	306	670	899	137	
454	777	642	217	384	956	613	638	928	742	321	793	73	573	330	344	0	189	664	708	504	34	519	857	655	26	606	20	348	186	816	845	168	304	832	775	954	889	40	216	660	
455	508	865	74	374	426	535	801	191	357	38	312	429	834	794	762	79	418	164	100	701	401	107	396	391	430	359	291	875	908	491	631	715	281	258	892	222	381	830	587	421	
456	133	333	491	288	641	653	912	899	234	161	353	804	712	453	318	118	915	350	898	762	537	22	645	500	863	934	742	92	651	820	391	919	322	928	280	229	589	346	921	220	
457	193	118	218	405	799	130	837	805	825	87	223	335	598	686	331	311	88	309	592	346	540	738	476	829	930	328	8	35	494	104	157	899	622	137	343	441	668	75	490	764	
458	358	120	3	592	140	796	528	765	74	214	194	63	312	432	402	255	46	876	578	130	427	671	805	609	376	579	673	185	8	199	244	803	739	873	437	295	388	71	924	300	
459	255	242	261	51	486	49	581	366	373	14	362	846	488	184	476	552	587	639	635	299	735	130	632	19	253	762	67	216	56	942	689	160	158	48	905	898	887	106	202	628	
460	643	541	555	94	158	262	778	633	169	909	890	535	578	940	932	947	84	951	363	105	140	92	424	156	358	830	233	212	317	885	737	271	352	13	538	551	792	810	245	65	
461	641	585	9	49	817	184	510	11	829	839	310	437	255	58	563	257	919	768	309	954	880	937	610	637	453	723	171	395	163	293	813	475	240	128	341	373	172	371	136	124	
462	503	878	386	844	468	954	60	261	172	295	724	485	790	901	936	477	917	791	450	797	418	580	699	434	428	592	921	145	798	203	635	372	288	200	183	612	544	465	705	599	
463	530	665	15	573	629	690	826	790	601	256	104	454	94	430	552	491	446	479	797	46	782	680	351	728	512	700	222	424	749	679	264	226	721	832	45	937	407	482	400	855	
464	440	931	110	734	203	636	176	429	23	553	179	452	434	147	736	498	959	125	514	229	347	76	818	194	824	18	324	742	820	282	614	379	508	490	771	190	41	769	671	4	
465	521	392	913	345	650	199	722	290	526	935	49	192	189	380	905	54	415	2	625	271	490	551	242	762	344	522	510	248	701	387	222	376	216	803	813	511	616	829	644	257	
466	933	885	127	926	55	380	561	441	219	178	548	345	136	708	294	620	391	228	688	917	378	894	907	455	668	302	631	147	522	240	76	510	387	24	162	407	556	835	175	327	
467	343	77	175	874	196	836	713	413	40	669	303	345	238	678	710	255	60	572	455	371	823	190	805	46	321	47	79	866	6	569	306	892	681	886	132	868	730	873	470	822	
468	785	189	48	679	62	496	935	329	895	119	946	331	406	926	57	447	90	304	111	97	44	342	610	557	131	912	878	367	527	957	297	161	642	686	110	851	104	205	608	849	
469	949	207	800	770	518	494	330	619	862	689	799	592	766	550	131	156	182	108	297	578	122	821	395	741	312	842	286	501	873	784	5	283	167	713	389	408	702	222	377	105	
470	261	411	647	557	47	187	210	9	733	870	561	716	886	888	864	463	890	580	288	851	409	279	543	941	579	235	679	712	149	881	332	358	586	182	860	474	322	660	45	611	
471	560	563	921	198	81	488	687	227	478	666	398	880	383	35	50	517	380	952	77	925	116	653	90	91	17	179	942	331	507	707	784	299	524	192	266	169	900	696	576	751	
472	639	235	385	861	483	48	796	85	30	83	821	317	592	387	855	64	132	876	908	342	357	800	427	6	303	955	306	169	803	135	916	176	959	925	212	104	301	589	211	701	
473	507	128	679	126	651	348	684	671	395	40	415	4	808	177	233	445	895	632	268	917	284	84	47	903	54	625	730	580	132	64	453	953	199	843	614	525	96	193	896	143	
474	433	206	348	812	127	431	86	422	154	581	540	577	1	104	51	640	192	573	59	15	27	11	243	834	239	138	703	126	535	317	745	118	333	66	743	538	401	360	74	719	
475	832	801	273	60	567	260	400	129	675	81	248	219	155	913	573	2	12	145	839	776	9	868	682	261	867	43	792	881	506	404	917	209	18	481	492	918	873	107	417	194	
476	9	486	550	908	409	102	785	902	120	226	718	317	77	889	593	96	472	690	15	165	333	328	366	233	867	230	570	279	744	239	778	129	321	374	748	59	872	452	247	252	
477	124	688	110	405	40	10	452	566	586	831	765	351	90	55	355	198	409	536	674	803	822	107	817	672	253	87	425	579	48	743	698	206	26	653	29	611	480	551	457	364	
478	601	514	426	890	416	925	207	684	807	687	739	339	590	811	94	852	244	258	124	397	524	233	955	180	80	475	3	293	412	591	417	920	669	836	28	926	166	594	376	59	
479	131	867	838	201	304	344	760	324	9	680	627	524	450	266	422	615	664	790	666	390	392	39	459	265	510	323	439	645	784	702	180	580	748	219	518	333	271	757	241	806	
480	312	925	268	344	733	133	87	306	540	29	846	720	820	379	638	413	949	896	88	535	117	249	836	530	5	387	184	704	804	243	776	495	434	628	448	787	39	882	368	326	
481	836	823	839	909	202	916	931	541	938	451	744	798	702	778	272	622	950	802	1	937	661	89	101	488	925	53	246	455	263	346	856	620	504	366	940	324	113	250	290	80	
482	134	788	718	545	913	251	575	543	359	130	396	144	459	177	559	855	162	40	919	59	807	325	952	234	864	840	742	126	209	117	431	698	115	680	471	594	633	622	128	361	
483	959	574	623	257	591	518	810	660	714	440	878	379	376	331	932	910	540	386	82	717	843	368	462	830	127	60	825	536	488	290	233	800	66	250	615	850	876	125	219	258	
484	888	261	900	899	447	148	173	776	55	792	668	457	391	621	268	104	281	164	669	597	369	451	715	239	318	652	925	300	943	387	414	634	938	273	166	53	463	545	574	670	
485	200	663	178	251	254	591	64	810	296	557	145	575	153	524	413	475	381	247	854	768	351	860	900	803	751	701	45	899	515	873	887	314	923	107	848	786	705	142	281	465	
486	592	467	120	877	149	756	128	916	95	410	6	476	636	232	433	861	285	657	440	174	701	626	216	768	939	242	184	585	602	143	806	429	228	516	326	527	634	214	473	444	
487	766	426	511	229	301	89	955	275	641	454	887	342	278	367	264	830	139	67	498	398	683	884	239	942	525	204	812	160	248	324	853	821	715	19	274	1	92	708	850	844	
488	544	11	903	586	75	601	817	78	568	558	928	314	74	239	52	58	660	440	360	178	566	563	15	308	521	809	349	631	957	665	936	5	385	327	880	819	867	87	797	150	
489	377	410	649	820	447	872	830	57	449	879	65	235	252	906	463	672	448	662	294	239	472	769	519	356	941	419	187	568	40	722	404	640	279	49	437	804	338	520	852	723	
490	670	154	447	437	913	242	605	929	439	896	55	373	739	951	82	364	455	47	768	928	817	220	370	282	88	621	114	139	895	432	689	800	299	759	767	723	770	159	696	463	
491	727	133	92	680	894	760	70	666	276	885	469	349	319	342	650	377	55	6	689	348	198	248	260	490	844	537	524	404	901	578	457	684	335	627	84	184	358	637	771	261	
492	883	254	589	509	645	146	942	572	606	8	397	352	945	659	925	223	362	514	577	734	943	115	563	767	421	67	166	570	631	648	682	559	338	451	785	698	52	848	144	393	
493	487	608	938	72	745	196	552	909	348	229	856	583	216	190	239	291	669	474	470	247	195	769	60	876	744	892	854	439	246	838	604	694	7	483	468	99	643	429	254	14	
494	642	43	213	90	433	357	401	41	504	374	496	853	793	546	182	33	604	746	818	175	873	798	708	691	821	819	476	39	865	917	900	64	702	225	150	520	886	464	71	255	
495	105	550	625	187	906	650	691	621	785	32	945	311	103	765	696	449	808	350	229	9	616	794	579	442	628	534	243	474	568	145	348	107	222	852	307	191	463	566	876	58	
496	242	597	442	206	317	90	245	385	369	152	688	305	773	311	583	469	159	81	631	837	906	220	51	61	357	394	499	349	920	365	336	181	845	95	270	64	540	161	888	622	
497	774	258	243	359	231	642	908	332	166	120	787	832	303	945	556	291	90	419	173	333	288	320	74	601	469	27	581	192	342	498	55	391	939	697	338	233	494	113	930	530	
498	623	572	402	333	536	304	305	704	909	42	758	215	22	741	66	574	576	843	678	403	128	714	421	91	410	427	123	115	65	608	542	650	512	795	899	14	152	871	868	747	
499	689	385	732	409	294	484	548	40	324	746	252	809	41	127	425	536	881	361	878	133	382	328	568	433	280	348	25	443	824	135	695	508	671	724	710	559	684	185	563	405	
500	558	281	930	343	823	653	539	174	306	36	0	320	182	232	579	331	90	291	277	455	651	610	738	135	733	633	251	289	735	328	596	590	114	380	495	659	27	856	216	737	
501	150	467	123	45	71	83	278	10	547	812	389	138	830	715	214	850	824	549	310	614	601	284	504	858	458	613	125	871	712	60	838	611	206	765	846	620	528	730	15	353	
502	901	893	859	162	540	623	103	343	810	824	234	308	743	712	167	891	341	838	130	915	774	246	216	336	575	96	290	607	402	264	887	678	598	123	539	644	480	244	301	594	
503	930	363	152	871	522	555	94	561	97	518	809	887	411	698	360	810	177	44	315	572	413	570	596	291	146	354	592	282	170	415	775	554	928	724	295	383	942	748	957	346	
504	645	300	941	62	580	371	722	421	266	753	809	464	268	848	839	715	52	526	948	404	112	276	45	134	125	386	290	807	857	109	166	267	347	544	233	566	901	928	102	257	
505	284	373	541	319	823	869	196	736	535	707	122	789	566	680	892	52	227	129	795	607	396	394	621	288	29	856	131	728	73	797	476	921	37	280	336	253	619	304	39	354	
506	385	35	105	769	431	308	871	490	466	283	302	218	408	588	26	542	54	497	228	80	815	665	628	74	70	203	773	489	434	873	892	593	473	474	888	817	444	103	746	72	
507	48	678	679	487	781	790	251	249	490	587	833	898	520	75	304	676	205	375	376	359	820	622	718	505	836	110	516	244	510	444	92	544	347	583	926	185	373	200	936	434	
508	581	108	390	441	13	373	642	317	470	93	445	110	541	509	255	67	10	942	76	578	673	174	632	956	124	389	316	86	633	296	200	528	176	157	283	703	808	608	402	733	
509	394	710	189	196	405	928	248	695	596	866	953	674	77	708	421	547	380	361	40	712	511	639	900	347	403	486	233	156	383	468	199	461	655	56	32	244	516	157	161	28	
510	586	18	946	93	298	840	588	285	897	827	330	407	305	596	451	859	214	78	792	662	444	857	585	724	847	956	269	323	530	317	865	314	197	736	441	417	576	532	819	949	
511	515	12	265	246	369	46	793	930	159	847	311	454	182	513	890	48	921	492	763	744	904	289	729	859	261	42	64	152	437	422	812	383	392	276	168	693	924	941	732	605	
512	351	119	454	388	820	663	712	924	665	166	291	300	838	136	130	261	344	633	634	824	942	745	656	582	788	906	124	152	94	743	812	753	471	247	140	736	731	114	5	570	
513	2	931	387	263	383	188	892	199	437	494	169	373	6	423	500	173	343	715	191	709	402	452	655	248	912	833	51	763	569	626	157	458	868	802	58	813	463	742	345	389	
514	100	660	720	485	122	624	604	547	95	615	71	494	213	448	655	225	602	143	260	729	492	684	882	516	77	675	512	827	452	173	344	466	36	223	72	941	528	98	488	917	
515	767	803	510	650	189	843	30	27	499	946	86	949	103	399	905	825	774	692	25	337	162	376	394	643	631	308	933	902	306	434	91	661	500	43	707	787	527	134	718	801	
516	18	816	758	497	133	745	272	216	635	845	534	686	441	193	868	121	815	90	807	8	380	397	452	588	919	511	349	755	205	609	750	791	731	531	118	603	753	74	802	932	
517	754	505	441	491	179	115	216	366	334	439	524	594	290	58	393	394	678	166	607	188	893	162	105	543	586	660	776	424	197	804	79	421	143	579	256	41	834	684	696	361	
518	269	298	422	294	127	667	1	524	225	243	315	90	713	516	368	428	572	100	470	756	943	620	409	82	214	491	698	344	512	873	893	905	382	192	74	881	669	741	856	398	
519	111	369	558	540	917	786	916	467	50	109	485	690	544	840	102	635	610	680	662	575	922	694	134	347	124	359	171	707	3	156	754	254	547	583	659	370	126	208	745	354	
520	602	119	577	821	275	570	625	953	461	313	555	423	813	536	913	809	393	357	843	857	540	763	791	204	703	742	673	143	149	647	340	176	645	506	175	320	877	55	219	792	
521	660	118	764	858	545	535	454	697	11	768	210	252	785	8	945	574	491	340	0	698	511	188	517	601	895	728	796	86	710	525	96	864	231	946	95	414	122	844	277	876	
522	833	487	307	584	652	549	415	15	857	215	123	361	256	138	234	384	846	419	720	950	625	111	154	87	852	500	255	588	202	140	197	914	688	390	299	78	670	628	211	383	
523	14	539	694	850	806	358	352	367	697	229	181	62	744	269	930	580	427	128	467	591	685	463	423	341	925	702	97	344	770	839	416	908	142	481	209	636	951	193	739	874	
524	130	418	187	502	417	642	682	385	126	877	796	81	792	509	17	567	14	226	401	304	953	735	668	330	255	149	865	135	485	644	176	6	293	335	880	928	641	63	917	465	
525	598	651	653	920	884	663	314	672	877	698	613	31	684	388	497	447	393	576	333	124	346	502	622	587	436	637	454	625	398	204	509	667	228	15	491	362	227	73	406	355	
526	718	260	941	579	63	5	372	210	360	511	928	443	287	71	261	795	346	392	622	344	55	312	140	244	383	203	20	610	107	934	674	216	679	598	482	805	663	834	624	280	
527	222	830	755	456	674	311	702	264	763	225	671	512	576	648	330	548	167	25	451	54	57	524	51	716	643	838	315	148	399	125	392	725	722	925	487	312	231	682	91	390	
528	956	487	750	755	203	503	132	284	333	579	310	717	938	795	669	134	96	620	703	147	865	707	41	643	4	706	759	382	616	667	797	437	712	876	87	419	523	430	931	922	
529	802	631	929	217	125	476	718	121	289	30	568	485	160	27	473	636	746	589	911	550	84	780	588	321	821	79	722	710	34	659	805	944	60	844	316	662	380	257	188	677	
530	657	708	691	124	589	839	579	514	608	611	555	442	214	916	151	158	65	515	814	391	868	577	509	129	892	549	648	309	286	898	365	25	698	149	895	323	96	255	619	891	
531	259	185	476	915	764	67	859	123	721	349	379	80	56	442	692	757	663	882	142	421	78	183	128	71	503	394	922	515	492	814	224	469	842	478	440	96	565	699	518	772	
532	797	520	853	882	191	793	697	255	46	841	754	248	83	236	310	435	516	421	50	752	440	135	602	531	257	342	35	200	487	84	610	234	940	260	854	897	775	19	904	777	
533	20	573	151	886	201	687	333	564	812	233	245	883	3	423	497	35	268	448	199	572	367	14	316	194	945	719	36	519	682	139	888	753	697	248	41	829	630	730	836	872	
534	622	951	574	697	649	323	900	358	445	498	602	763	380	315	364	639	512	579	88	940	361	566	365	34	424	151	818	155	669	724	939	226	444	734	279	448	309	503	701	631	
535	276	269	425	883	614	70	561	510	605	604	444	243	885	299	133	245	216	520	733	353	63	405	559	448	347	274	392	66	563	502	727	744	142	511	497	128	83	518	87	854	
536	879	470	444	617	567	574	66	604	207	677	389	622	522	158	922	172	786	316	25	165	715	872	920	159	627	944	954	904	781	418	169	303	894	346	543	116	375	171	382	852	
537	662	242	235	324	88	244	205	299	836	144	659	516	948	266	645	523	394	653	885	90	323	108	50	338	719	301	126	380	864	200	2	240	130	556	321	374	618	579	203	657	
538	567	691	743	451	373	642	221	754	305	493	259	209	618	5	242	94	751	558	527	63	866	146	939	337	572	342	104	61	593	206	862	716	917	940	700	188	800	191	115	19	
539	430	346	399	179	362	337	807	751	940	812	568	93	448	917	333	169	660	930	56	869	61	776	220	499	744	267	584	851	19	339	525	98	648	914	52	447	826	489	556	160	
540	703	33	234	307	542	443	123	674	491	836	72	706	116	938	472	14	924	526	534	789	134	794	597	815	372	853	849	437	176	885	311	242	748	244	296	660	933	421	890	231	
541	269	457	192	260	744	414	140	902	183	119	818	510	660	529	718	872	477	805	904	212	570	726	138	198	61	323	32	875	723	111	589	334	942	344	812	237	543	23	760	547	
542	875	622	519	644	672	512	565	9	41	289	414	365	912	592	598	101	130	959	504	45	610	571	759	604	469	416	395	789	834	12	617	145	402	407	96	750	884	382	385	842	
543	741	223	578	721	46	172	292	531	110	346	916	282	857	793	335	762	257	521	266	553	84	747	785	657	614	661	238	932	945	810	332	432	731	778	220	115	695	518	952	525	
544	87	711	258	286	271	736	561	931	207	114	131	150	571	547	852	243	235	887	745	128	611	820	386	651	326	707	110	947	390	26	932	425	159	664	910	696	517	560	744	27	
545	714	10	78	933	550	578	449	512	67	742	296	81	511	809	893	763	703	747	106	533	529	278	906	603	16	358	560	739	649	456	746	83	923	615	518	466	804	323	918	636	
546	26	195	369	218	630	524	378	657	600	210	293	601	551	430	497	55	76	721	625	313	735	289	237	769	518	424	931	61	508	263	387	39	163	423	609	852	777	880	789	586	
547	939	699	34	149	55	907	789	664	342	695	880	930	938	72	897	468	145	492	539	442	521	199	762	7	928	392	616	883	192	0	892	900	676	459	435	469	399	306	2	86	
548	638	464	43	724	667	564	911	570	691	583	771	24	298	558	166	164	365	626	305	191	489	351	719	761	827	233	47	150	679	918	728	275	716	663	189	676	87	760	530	256	
549	248	571	670	351	530	192	912	834	823	489	790	821	723	123	44	209	807	518	370	4	634	392	322	341	11	911	320	738	201	222	627	300	582	18	339	342	554	837	98	810	
550	36	883	896	925	934	155	378	532	18	744	868	678	367	721	39	356	225	382	91	23	472	940	89	456	775	778	582	536	773	516	35	414	665	279	576	11	457	290	74	611	
551	408	300	197	496	185	240	841	248	941	503	394	876	939	748	284	482	644	301	565	453	455	222	757	843	418	194	165	488	331	76	700	2	414	306	356	712	395	758	355	636	
552	323	365	930	918	366	63	624	865	621	90	724	87	489	789	472	298	340	103	426	351	114	150	898	735	23	755	5	780	273	202	899	539	509	840	454	798	209	118	317	756	
553	471	518	35	257	886	406	494	686	836	178	9	780	347	859	133	506	239	262	908	8	670	424	534	860	585	561	31	533	163	856	943	327	596	412	487	79	626	679	351	98	
554	134	386	579	77	698	450	685	726	336	690	710	908	868	462	495	611	626	754	223	639	23	145	141	15	540	938	400	796	880	440	132	34	245	426	689	734	254	210	487	40	
555	472	289	492	323	583	595	922	691	593	231	706	590	65	850	213	790	229	372	389	582	793	779	743	299	295	476	373	111	606	240	14	868	128	258	42	151	525	421	288	792	
556	486	263	184	794	386	528	133	631	802	205	693	116	711	526	870	69	866	844	187	340	204	400	496	190	375	399	362	30	229	282	723	527	279	118	420	649	134	259	348	754	
557	336	265	212	834	698	438	579	11	280	53	133	846	565	173	430	669	875	548	321	127	627	125	867	278	507	446	207	575	825	279	74	506	192	352	538	779	720	931	499	96	
558	755	410	370	197	58	653	50	916	816	10	926	233	170	112	689	612	217	59	579	207	181	84	174	428	322	768	304	144	146	344	82	884	844	185	519	266	363	764	727	77	
559	650	937	189	476	606	167	909	72	452	887	409	236	829	803	534	893	118	304	955	865	77	27	938	197	82	324	914	169	906	932	532	831	954	228	757	802	49	435	271	647	
560	747	395	504	693	477	186	90	389	466	434	300	604	421	112	715	436	505	220	77	735	107	368	18	200	285	795	189	308	555	544	42	509	479	668	103	417	748	566	460	798	
561	472	453	797	300	305	827	578	556	92	625	570	501	109	701	211	303	632	887	26	444	483	502	470	286	576	155	310	469	538	913	7	647	846	338	874	421	28	558	326	12	
562	638	904	378	553	121	673	853	33	945	857	778	688	513	306	606	784	139	664	420	220	269	478	299	373	822	523	118	805	759	341	620	258	284	876	81	213	733	122	885	316	
563	560	873	620	397	226	679	61	60	166	422	350	511	877	102	289	303	823	118	488	50	232	632	478	855	158	870	681	833	834	850	474	200	541	562	487	796	429	475	92	683	
564	697	909	845	69	161	624	271	511	249	221	552	85	727	800	3	403	43	636	40	949	527	432	300	333	927	313	549	421	715	920	550	875	533	472	952	402	452	222	747	741	
565	647	285	278	366	340	67	893	364	121	184	376	749	467	402	863	200	717	304	100	102	374	691	740	519	38	862	359	43	631	60	35	61	369	850	29	6	607	904	738	128	
566	84	644	736	759	481	517	358	519	580	95	907	513	474	397	683	353	577	265	428	576	505	602	646	11	273	45	770	884	127	296	833	872	783	315	641	640	192	824	604	763	
567	874	804	81	620	869	270	71	368	935	223	591	739	940	307	810	83	283	39	203	181	422	243	733	663	946	955	72	86	120	544	689	747	284	383	798	666	462	827	729	594	
568	221	391	91	917	689	818	355	616	896	114	668	594	447	823	4	747	510	418	400	614	877	561	717	431	926	190	515	310	908	42	350	778	93	148	208	553	100	142	497	23	
569	106	145	424	301	750	495	79	308	682	714	338	626	664	900	24	388	117	886	934	429	325	869	192	878	343	305	657	727	586	528	780	220	848	635	468	299	306	103	857	829	
570	596	695	580	939	59	496	406	388	780	301	76	284	23	468	197	550	403	8	486	774	747	96	510	544	122	281	38	629	467	903	428	751	645	466	112	314	797	862	77	534	
571	940	459	60	234	842	95	310	156	154	448	793	670	912	167	653	331	561	593	423	434	602	632	206	818	452	769	348	71	710	631	454	227	27	56	640	128	678	942	539	309	
572	435	705	49	456	256	11	66	708	700	205	671	587	718	608	711	429	25	814	913	185	447	545	137	786	484	220	734	454	692	233	956	540	39	371	949	492	515	438	229	180	
573	35	691	790	615	760	552	865	200	781	575	598	56	207	134	350	652	799	607	99	443	697	416	631	125	639	558	817	610	654	766	130	559	173	211	162	876	39	414	629	621	
574	126	461	205	313	541	937	779	640	835	324	593	366	317	203	420	832	932	445	788	151	167	290	672	907	10	953	449	47	370	692	704	149	157	477	256	158	675	234	132	917	
575	948	853	490	303	320	30	129	17	298	433	794	851	889	67	34	68	849	957	494	750	867	604	152	155	480	88	138	87	435	131	536	504	47	885	787	284	710	486	731	50	
576	61	411	692	252	924	773	220	658	810	870	43	88	437	94	664	125	324	446	657	66	800	611	884	223	312	336	907	774	258	566	718	413	667	397	425	690	622	226	766	555	
577	790	947	494	827	775	505	84	284	874	261	403	313	327	654	530	234	296	138	516	678	955	237	308	844	930	35	453	412	144	379	727	346	319	115	537	338	600	805	529	70	
578	485	126	641	601	698	523	104	592	720	345	530	87	361	380	921	687	279	532	626	270	772	751	249	39	808	565	912	363	320	451	746	315	342	739	17	566	619	403	310	170	
579	804	34	469	932	238	350	409	374	545	394	642	301	295	825	621	386	348	918	789	326	923	150	909	349	771	646	782	242	510	36	148	942	653	213	64	935	872	309	527	435	
580	862	199	450	858	554	38	94	288	524	867	890	526	249	752	470	182	914	317	878	113	723	672	783	363	909	762	170	674	918	152	935	682	958	535	123	373	902	204	721	845	
581	226	309	50	203	197	759	946	449	63	687	406	48	225	828	659	650	741	642	912	166	529	506	46	631	607	397	838	575	282	546	433	512	11	628	718	820	661	423	959	253	
582	926	796	181	607	47	195	558	237	286	752	763	705	234	113	263	368	166	608	405	62	154	116	713	525	934	92	362	668	360	79	614	430	544	925	215	135	914	779	516	862	
583	940	605	171	464	617	820	829	402	117	90	235	489	530	604	352	797	890	88	910	875	518	278	558	122	334	540	834	400	146	828	798	902	216	433	614	761	23	746	921	451	
584	20	614	271	745	11	769	958	854	656	654	899	777	950	549	544	714	240	894	162	118	319	515	523	299	723	422	188	956	738	812	331	554	201	103	909	140	236	290	560	166	
585	912	862	385	612	2	454	782	878	665	37	455	508	763	599	554	620	227	957	352	786	33	309	34	591	546	266	415	357	369	871	930	265	62	240	250	94	790	367	210	84	
586	193	462	666	143	400	672	867	883	424	842	338	412	391	480	572	609	697	651	371	597	591	942	287	468	845	841	272	124	35	29	530	953	351	130	70	660	752	398	324	39	
587	669	72	78	218	782	542	151	862	929	897	347	655	26	887	404	333	34	787	30	599	656	741	88	92	232	558	717	545	86	20	247	940	738	820	336	945	160	844	912	228	
588	50	258	344	440	859	666	282	592	699	265	162	316	429	271	574	417	660	720	847	170	67	299	335	635	922	775	851	679	818	366	462	226	479	23	377	804	926	684	192	188	
589	591	886	204	790	899	142	547	369	402	321	753	280	938	784	509	840	678	251	859	593	227	768	98	638	207	414	416	56	386	478	77	424	594	404	796	737	803	219	876	250	
590	959	915	477	797	311	334	389	854	306	932	944	724	120	716	259	249	437	535	735	174	762	94	73	121	261	888	455	273	130	945	909	433	786	952	24	235	202	920	795	447	
591	511	682	153	940	449	648	18	326	229	388	289	393	90	741	493	400	292	159	314	565	13	475	606	704	840	595	61	851	898	464	776	405	466	145	608	830	626	413	373	401	
592	518	251	846	939	645	853	765	233	171	517	387	87	479	810	531	235	148	186	537	884	45	858	891	77	676	556	351	726	812	616	621	165	341	110	918	632	113	346	213	693	
593	857	437	439	609	124	403	138	612	203	357	534	761	924	699	186	791	484	69	504	8	780	214	295	279	263	487	105	48	420	351	541	707	31	913	745	381	839	11	714	152	
594	958	784	62	631	497	772	370	481	922	909	334	179	311	577	21	241	522	422	332	346	483	29	798	63	225	666	703	916	887	343	400	136	44	266	386	82	806	340	767	295	
595	251	773	837	24	474	468	338	133	791	459	484	874	214	14	864	109	44	170	939	427	700	771	55	108	79	726	672	208	260	397	755	43	247	105	129	218	159	291	164	950	
596	492	442	752	154	746	635	629	820	615	172	817	23	499	360	94	171	426	937	34	842	396	263	838	136	315	297	381	666	553	246	21	158	595	908	583	22	731	675	242	577	
597	143	297	318	838	456	350	376	265	112	473	752	169	626	743	458	845	879	309	146	417	883	624	272	475	295	42	604	259	72	256	372	178	343	570	460	474	210	754	357	454	
598	292	953	33	931	729	502	214	192	852	208	417	146	708	526	317	59	916	509	148	11	866	18	212	8	371	273	262	938	485	365	283	618	101	369	637	289	734	276	155	320	
599	470	304	900	145	825	774	69	322	717	404	759	147	163	571	138	74	183	915	832	487	89	642	124	410	458	589	317	948	297	878	870	412	207	742	512	771	503	468	577	730	
600	418	7	79	898	825	657	128	259	117	796	356	706	508	385	709	685	76	663	557	953	157	713	745	334	450	428	845	896	209	271	568	707	19	857	470	670	445	754	712	521	
601	732	156	31	513	396	197	255	271	212	792	515	400	621	191	697	681	307	498	655	926	561	355	890	288	415	249	727	487	489	896	211	818	607	9	810	793	650	619	348	443	
602	120	931	808	569	472	826	198	379	0	248	682	244	934	525	215	424	274	303	504	428	659	133	429	366	178	452	355	245	164	920	103	681	451	453	636	789	511	14	427	44	
603	273	342	538	842	177	517	352	445	201	685	472	452	105	301	692	150	700	404	934	507	205	600	742	416	240	626	266	734	573	319	398	15	815	663	442	110	361	610	933	262	
604	24	110	696	490	533	383	244	487	200	870	950	119	83	86	634	887	686	946	607	540	398	106	298	289	652	8	268	387	515	454	104	305	378	355	784	318	771	886	79	602	
605	610	129	173	832	114	841	750	561	837	421	412	672	395	214	198	815	245	86	777	346	857	51	78	498	153	350	916	526	127	191	560	381	940	396	274	190	370	282	500	766	
606	51	202	468	186	872	493	929	433	937	760	538	565	82	736	882	253	72	717	896	275	325	478	952	494	48	749	218	689	212	425	865	3	111	31	228	715	676	415	330	232	
607	417	491	285	331	677	855	944	713	130	509	837	942	609	755	815	341	6	570	500	565	597	376	885	446	22	681	529	933	501	593	70	187	205	949	665	69	485	522	377	456	
608	891	302	159	483	321	150	56	865	870	456	6	527	214	394	68	587	772	538	648	414	871	351	494	396	898	544	947	297	425	308	543	493	897	633	679	523	711	649	529	255	
609	532	554	217	38	543	709	724	851	195	282	479	578	369	458	320	523	84	753	30	568	507	235	226	795	328	166	591	186	756	898	853	472	10	565	931	374	339	686	446	410	
610	145	504	848	15	687	482	642	429	185	541	524	923	777	165	140	721	769	739	726	291	256	19	460	507	910	34	750	805	666	730	755	914	615	512	472	469	706	893	120	434	
611	55	573	93	216	388	725	342	940	142	808	329	8	467	75	715	900	544	871	494	116	772	543	282	689	324	499	31	157	912	805	266	545	246	951	825	150	130	741	371	854	
612	955	528	627	406	819	507	699	935	653	716	233	311	455	668	641	912	601	143	685	899	352	225	66	286	315	578	389	486	502	814	321	485	850	492	626	147	643	40	650	221	
613	623	846	477	536	417	330	820	698	78	143	129	119	549	542	792	618	231	69	347	567	825	806	54	494	759	889	205	243	844	596	691	796	895	746	29	219	336	403	342	708	
614	843	308	882	381	60	266	685	653	576	223	206	908	929	287	798	745	612	17	475	199	905	725	870	70	792	850	164	607	587	90	231	834	856	658	869	606	13	222	62	217	
615	707	646	170	99	253	397	565	869	786	63	7	436	79	522	233	843	407	142	581	56	396	183	493	21	627	395	415	378	530	767	776	49	669	911	774	746	274	206	242	944	
616	226	954	350	28	721	851	283	585	287	813	831	263	104	389	484	212	841	657	692	584	708	666	847	806	654	383	156	358	145	869	412	465	277	339	105	100	298	129	761	791	
617	408	566	679	873	85	487	675	715	939	814	919	349	347	484	620	732	34	513	833	21	144	936	313	878	515	951	781	155	179	556	80	903	629	585	930	717	470	334	414	248	
618	125	224	17	421	290	747	68	331	628	942	333	440	915	733	417	413	703	580	874	269	849	620	665	258	40	446	545	167	886	725	255	734	610	803	675	645	876	898	654	48	
619	813	442	632	127	211	785	93	725	515	227	824	268	67	885	591	231	664	582	111	201	171	39	953	804	881	141	413	371	587	37	870	876	363	423	759	880	313	878	788	70	
620	437	7	99	199	541	71	628	795	337	866	256	547	949	314	814	376	471	245	732	85	210	786	283	400	434	381	955	271	152	865	522	888	352	829	791	41	66	506	507	682	
621	758	828	283	607	604	439	295	67	218	324	294	337	903	947	182	68	264	99	14	258	760	657	7	340	718	750	411	26	569	820	748	253	15	953	776	548	359	709	363	939	
622	67	801	517	849	755	816	574	496	757	898	824	929	679	724	387	261	129	567	578	844	925	846	700	356	900	527	667	159	396	834	666	410	884	897	187	605	625	444	317	707	
623	770	831	904	667	842	952	556	909	543	435	329	193	415	233	655	380	323	953	362	908	502	757	630	871	295	672	441	143	669	374	81	440	202	365	107	109	740	955	822	240	
624	432	24	728	97	31	773	287	94	461	122	182	553	523	617	561	288	492	114	847	92	886	662	478	899	713	323	609	410	678	75	564	155	301	597	499	840	427	338	537	830	
625	787	371	485	845	460	25	834	583	428	270	870	407	388	498	827	20	860	888	445	662	831	18	227	457	891	233	641	447	98	82	429	395	212	829	33	907	833	752	224	773	
626	41	820	668	182	806	79	472	102	493	242	394	448	17	818	131	33	456	828	175	453	613	876	215	65	49	75	625	469	468	578	554	846	697	672	422	531	60	353	388	792	
627	207	703	737	533	93	588	30	823	301	894	36	917	328	266	357	741	222	52	548	176	166	677	439	451	5	574	779	488	433	556	682	916	598	764	953	226	952	817	901	384	
628	795	660	895	553	800	396	900	659	496	430	290	489	733	918	408	827	903	695	478	693	701	175	933	461	613	735	32	65	30	761	3	193	931	730	651	680	947	731	190	753	
629	111	739	308	552	899	319	598	926	904	564	934	289	297	83	64	620	901	655	479	346	597	204	34	481	271	504	208	700	10	94	859	553	610	952	865	341	645	632	469	80	
630	28	235	342	893	448	832	471	894	52	189	341	870	145	682	71	101	21	23	76	301	958	33	482	83	856	946	152	695	839	390	423	792	502	315	769	733	943	311	55	450	
631	283	665	496	161	349	623	602	615	192	483	611	922	260	584	297	429	601	470	399	586	346	725	784	654	248	189	147	20	372	91	566	850	502	595	785	202	755	46	137	0	
632	630	436	269	118	586	147	924	513	643	161	905	633	737	171	123	757	824	201	311	55	334	886	738	419	389	479	250	378	644	564	172	729	67	930	33	511	135	694	581	178	
633	780	12	597	722	325	858	827	232	801	742	442	706	845	566	141	447	58	393	587	486	160	68	782	124	387	239	84	341	117	737	933	938	860	761	695	684	693	399	462	920	
634	473	107	679	204	447	692	407	793	259	363	368	857	101	356	2	85	69	941	828	110	939	876	752	704	874	848	34	210	765	185	768	103	428	29	123	257	899	683	725	260	
635	495	251	28	217	246	214	769	908	818	221	122	826	863	941	832	773	423	155	804	650	196	329	212	403	932	183	538	525	81	796	677	956	209	245	268	557	907	222	784	44	
636	428	543	802	760	457	904	37	436	454	192	116	415	630	410	231	710	3	41	402	697	913	470	207	699	222	687	830	317	493	2	649	910	291	427	685	588	625	298	629	478	
637	819	440	649	293	24	860	296	239	452	505	690	942	882	298	937	297	158	528	824	226	235	245	223	104	163	733	862	570	187	567	428	748	450	370	438	288	565	493	782	513	
638	534	61	832	635	367	408	577	836	882	435	769	538	51	39	959	396	149	601	417	380	130	90	452	611	352	844	81	86	640	135	593	199	152	507	706	654	691	42	426	231	
639	104	491	194	584	196	600	561	155	810	455	578	653	36	295	120	485	942	596	402	312	857	937	268	92	881	854	297	862	94	690	880	456	594	629	381	191	538	217	151	729	
640	467	20	499	221	254	50	123	479	296	476	773	429	127	793	266	170	740	661	153	377	769	544	652	861	925	505	892	286	301	77	561	46	494	699	220	140	112	26	905	553	
641	949	509	719	137	250	821	74	429	469	792	267	879	384	193	589	173	629	600	491	489	699	404	593	432	63	510	752	550	183	375	658	34	828	702	182	323	425	580	449	848	
642	444	155	263	919	668	802	449	65	26	564	490	553	822	159	168	431	229	536	559	264	17	492	611	408	34	442	898	892	160	751	62	72	883	587	557	696	115	97	298	645	
643	510	103	546	123	579	862	421	120	698	243	317	369	402	419	638	949	427	803	158	950	198	767	839	133	890	321	683	477	680	20	728	816	617	588	172	613	90	202	448	959	
644	782	365	222	464	540	957	959	826	947	576	799	94	825	402	698	919	114	696	531	425	100	626	59	116	568	655	720	814	228	773	516	463	71	385	32	142	532	764	456	269	
645	307	591	576	209	612	904	47	436	870	189	547	734	663	608	598	49	668	660	240	260	451	511	76	83	359	417	191	692	533	548	406	781	876	884	96	389	394	784	749	760	
646	165	610	660	431	566	908	379	271	221	835	18	400	769	544	929	113	55	692	196	683	869	796	819	227	103	726	71	931	497	19	442	203	246	590	260	521	347	370	694	450	
647	131	192	507	36	207	522	275	828	163	54	473	12	205	487	821	361	94	62	916	738	185	609	277	418	745	315	69	24	376	67	782	469	829	578	299	693	53	271	351	897	
648	149	413	39	148	223	824	493	829	564	268	574	37	553	551	446	690	924	704	411	682	777	887	895	92	216	222	778	443	377	249	127	653	819	322	637	387	633	368	562	554	
649	63	121	139	642	779	278	111	747	783	582	748	329	118	149	561	736	445	350	191	320	644	527	282	871	613	44	260	291	388	151	107	183	167	398	162	136	629	270	408	425	
650	790	738	251	488	102	205	232	147	457	561	586	445	793	88	536	786	867	482	826	103	243	514	621	22	850	810	168	456	396	132	0	595	311	611	841	455	304	505	510	515	
651	808	74	739	589	736	32	936	34	176	449	273	779	334	94	20	369	205	909	130	434	36	890	810	181	433	345	187	186	829	862	872	258	241	17	540	746	735	575	794	711	
652	943	408	111	423	756	483	584	818	150	559	708	22	799	437	717	362	280	554	853	357	47	592	735	14	348	273	2	499	68	142	297	478	798	949	927	709	660	401	585	129	
653	812	871	820	705	103	510	146	576	682	638	62	372	27	509	712	137	398	469	557	141	161	378	550	749	868	522	165	800	957	230	482	651	65	189	484	202	310	776	770	311	
654	607	258	53	884	675	771	842	109	15	117	594	444	104	792	668	714	256	713	96	120	264	579	829	61	101	422	806	656	326	503	904	628	489	847	449	683	91	889	936	609	
655	363	30	835	199	211	88	319	531	429	587	608	139	698	712	60	247	366	704	725	744	617	357	870	633	425	396	444	661	574	470	313	510	79	561	764	889	854	174	332	304	
656	766	725	122	321	885	686	57	550	675	908	98	287	917	669	188	45	155	767	571	769	430	789	518	564	87	218	317	696	780	950	443	783	731	143	792	123	268	482	819	373	
657	321	338	558	801	34	448	569	322	951	603	212	43	597	58	335	950	765	552	247	190	232	435	360	120	174	654	276	749	195	482	336	339	344	850	503	889	80	936	57	168	
658	290	338	29	669	426	586	832	9	735	382	239	860	389	623	309	195	483	151	626	687	56	590	621	217	938	110	556	387	703	182	1	143	934	374	185	902	12	739	790	523	
659	689	222	619	694	305	672	931	411	478	130	764	332	850	904	256	638	68	671	247	936	794	227	731	300	254	804	140	441	244	938	837	368	171	886	143	262	722	11	308	553	
660	428	493	375	486	487	873	130	906	554	469	288	71	429	409	876	858	269	431	10	235	736	358	693	326	749	919	230	320	398	704	777	773	185	721	546	531	451	216	537	772	
661	174	34	859	353	939	684	830	378	349	474	868	631	864	492	801	745	906	365	800	932	369	237	258	17	109	50	841	447	606	875	309	570	177	165	428	607	480	129	479	238	
662	440	486	875	609	863	691	445	316	533	504	762	230	506	741	798	759	337	258	291	402	451	737	612	501	359	786	642	846	384	469	839	583	789	521	647	747	467	401	809	727	
663	864	701	301	883	143	419	544	746	247	245	441	100	815	669	854	15	484	407	20	783	764	330	403	527	70	465	589	114	805	278	279	524	881	34	867	339	218	51	650	464	
664	15	847	392	922	862	921	200	901	284	610	931	599	7	1	227	763	42	550	268	122	193	491	733	166	734	428	19	665	779	687	222	625	393	505	685	56	274	69	669	624	
665	342	309	21	944	799	383	195	508	367	688	849	428	593	497	203	628	458	776	254	121	548	826	934	843	915	196	519	751	531	637	553	92	658	433	958	844	815	590	838	659	
666	258	97	688	560	860	833	322	930	272	330	570	380	114	142	693	508	734	262	401	537	828	143	335	411	451	339	187	47	581	526	585	81	751	933	18	349	109	393	714	96	
667	384	360	645	675	925	671	695	200	441	489	380	847	483	493	113	685	782	413	526	653	841	158	182	405	561	617	141	810	37	625	10	246	314	326	397	297	752	697	498	957	
668	101	1	422	895	9	605	249	331	530	891	693	599	817	281	175	178	900	426	795	846	653	315	421	765	419	598	189	184	231	294	434	37	698	29	578	538	941	275	496	413	
669	121	431	472	237	945	907	128	519	948	531	687	418	231	878	834	60	610	161	636	344	874	560	606	583	608	70	951	360	823	662	894	235	44	771	926	154	61	273	729	554	
670	622	304	620	539	212	650	699	225	879	947	850	481	605	940	767	4	366	49	528	112	778	637	785	317	880	739	25	504	395	114	652	513	199	310	594	371	932	2	455	71	
671	777	749	628	374	860	155	447	798	847	638	423	188	284	17	358	693	402	849	642	725	345	195	661	859	328	818	121	282	956	499	807	562	12	707	125	904	222	641	470	523	
672	708	766	591	469	646	278	942	641	35	920	470	312	562	917	104	37	128	368	10	936	825	565	615	527	844	748	887	514	842	941	321	637	271	629	222	357	826	639	337	741	
673	764	690	850	223	285	928	785	380	370	539	948	610	858	470	934	600	463	693	469	683	954	72	478	784	332	82	645	10	714	910	234	79	744	628	376	870	602	56	32	19	
674	359	787	518	374	639	199	569	689	142	477	553	457	913	114	532	143	297	241	834	127	301	354	498	488	901	356	724	141	821	310	505	523	950	765	391	587	513	881	349	530	
675	184	102	492	409	71	585	915	372	390	546	778	12	131	531	761	762	525	733	661	612	451	942	712	222	31	191	615	396	436	357	629	923	635	783	356	549	854	214	500	79	
676	634	435	394	624	879	843	798	290	521	360	642	516	448	503	195	826	176	44	209	776	356	700	223	351	531	397	77	502	107	106	709	221	718	764	610	15	90	374	88	774	
677	366	719	16	851	810	373	402	173	245	128	360	714	901	356	0	748	27	876	595	382	204	803	452	927	7	20	459	318	374	146	935	410	288	159	540	548	515	948	808	804	
678	599	244	176	953	150	70	843	749	361	766	915	642	351	123	956	238	869	357	676	691	173	725	579	313	584	567	903	433	18	901	155	571	419	775	889	761	163	275	172	408	
679	159	212	583	240	925	778	534	491	557	274	469	618	577	936	544	740	767	554	811	592	787	222	819	454	394	951	308	737	477	916	861	743	138	586	1	748	675	207	947	830	
680	614	836	279	587	25	799	489	168	197	725	283	533	441	519	413	526	657	753	837	608	568	932	436	700	300	758	759	714	130	56	363	639	361	37	370	242	488	720	619	592	
681	367	216	701	861	255	71	23	350	238	405	200	425	7	156	515	590	24	293	813	249	91	409	98	617	347	415	763	163	737	497	212	544	720	630	851	899	462	268	230	142	
682	548	739	459	404	680	402	342	498	217	292	367	442	842	307	858	624	835	313	827	953	802	25	656	139	806	290	891	56	725	751	189	495	756	714	270	862	711	813	456	384	
683	687	333	611	769	886	87	483	675	425	442	16	96	870	613	871	529	821	210	335	398	27	771	718	279	365	523	445	370	355	825	342	685	17	732	8	650	876	4	128	466	
684	734	867	770	781	745	332	235	359	600	390	105	488	355	888	792	11	301	653	9	302	611	135	322	13	231	278	902	241	430	809	342	229	422	260	119	618	477	851	630	299	
685	798	830	490	371	605	445	569	20	46	526	303	548	168	159	550	450	902	284	808	457	643	947	896	524	38	179	241	58	772	743	682	396	280	779	227	628	32	50	941	534	
686	384	1	109	332	696	12	632	621	340	636	288	143	610	628	717	394	425	436	271	191	792	253	882	89	61	693	531	339	567	398	819	763	622	291	906	309	641	162	925	578	
687	640	368	851	643	668	201	837	376	667	871	852	270	337	550	191	537	779	741	757	222	653	559	167	84	319	219	674	235	547	112	924	398	458	717	268	37	520	648	383	287	
688	165	918	745	46	661	299	505	659	426	34	368	475	585	94	818	42	155	178	797	567	324	958	603	216	217	859	435	0	845	314	869	517	877	135	245	743	590	276	711	207	
689	387	947	940	20	467	931	380	131	490	816	677	96	846	276	66	360	341	610	303	665	853	740	348	372	477	33	898	482	616	913	725	636	97	850	592	787	262	684	426	147	
690	28	863	430	168	633	954	326	102	361	233	442	583	785	207	244	859	18	405	774	571	817	1	494	575	500	10	856	881	655	426	36	513	191	182	362	185	503	875	443	9	
691	426	267	584	548	715	17	380	632	315	320	693	253	673	242	372	891	499	85	69	480	699	601	930	144	155	235	212	636	782	359	347	118	178	9	848	259	707	37	754	106	
692	857	509	685	118	447	232	270	425	103	497	884	310	900	75	661	9	229	409	469	72	167	533	856	536	361	434	277	804	769	832	173	922	749	337	570	821	461	26	874	770	
693	463	667	590	93	490	771	494	60	655	270	736	48	156	432	408	103	532	310	706	372	524	363	211	486	248	396	167	912	824	391	757	203	727	569	51	785	515	957	529	250	
694	706	142	495	51	286	740	880	932	561	573	174	208	448	29	747	956	394	468	843	595	928	127	833	393	502	529	648	767	827	403	870	746	646	296	17	921	102	323	75	390	
695	526	311	169	577	37	163	92	194	524	747	137	370	348	540	916	238	399	915	254	839	573	219	754	909	11	21	858	461	543	285	600	214	42	49	646	58	182	683	187	302	
696	543	603	361	44	398	345	150	306	854	950	672	567	671	718	638	36	643	801	904	833	440	798	890	237	112	513	885	467	317	159	326	217	505	447	363	26	37	172	851	471	
697	208	72	742	745	954	291	517	59	698	269	851	885	349	808	692	507	400	385	916	408	768	800	364	821	319	733	64	143	938	694	749	296	73	863	33	124	345	171	54	66	
698	838	757	228	148	828	270	41	211	472	749	433	6	468	499	298	58	924	434	676	286	874	779	8	481	90	918	602	535	55	511	98	693	630	165	130	721	861	897	430	712	
699	583	89	870	102	353	178	165	69	938	285	589	340	682	535	374	728	289	813	518	113	253	355	322	543	143	87	419	836	128	610	237	683	896	127	828	330	64	431	800	132	
700	929	27	106	882	940	764	7	99	515	504	205	545	791	653	916	247	604	755	263	368	58	509	763	352	646	769	127	41	568	564	759	510	488	478	141	377	192	572	260	870	
701	707	469	80	439	104	212	134	835	449	277	731	628	924	896	175	511	807	854	842	794	279	585	229	937	778	465	428	249	362	700	322	112	21	390	326	772	252	361	916	236	
702	905	246	335	532	773	933	670	85	568	745	373	164	82	648	214	585	73	874	919	404	68	48	869	203	376	839	870	17	316	554	575	915	212	900	193	721	823	367	318	98	
703	947	952	754	345	274	904	751	338	790	242	916	255	630	94	626	896	291	837	238	564	207	356	806	400	432	362	664	558	770	756	895	39	651	380	830	419	866	205	2	880	
704	882	763	292	18	892	144	460	858	411	649	604	890	716	579	12	152	557	240	913	673	325	654	580	480	581	768	463	205	257	588	301	690	471	186	16	831	203	590	893	825	
705	603	675	950	552	644	203	467	402	189	886	404	906	612	597	54	234	889	446	388	412	394	880	799	430	798	34	519	694	128	336	198	865	523	911	427	783	876	297	104	632	
706	205	943	152	926	697	720	448	64	130	171	406	401	160	418	575	296	666	176	797	825	298	316	905	708	732	302	477	716	375	769	886	715	287	89	56	420	954	24	466	537	
707	210	556	894	890	234	925	366	757	353	264	124	851	424	267	748	669	378	775	612	371	132	4	308	827	752	414	798	307	485	555	758	558	811	762	107	434	830	358	950	337	
708	615	900	957	658	898	599	796	368	253	938	345	923	662	532	125	139	884	814	203	579	414	632	473	279	683	377	287	108	634	934	526	319	226	709	675	680	172	187	736	128	
709	674	41	386	286	646	390	846	335	946	264	563	922	543	150	14	698	45	155	238	144	525	282	214	30	1	149	724	406	256	544	918	164	347	897	733	467	254	387	853	626	
710	914	126	71	114	13	856	720	271	398	396	274	627	681	106	233	599	575	671	416	875	595	183	421	440	600	736	827	451	591	881	47	437	911	746	653	442	165	702	723	743	
711	415	14	38	863	164	440	900	759	199	720	762	344	27	685	471	805	648	936	864	926	158	672	69	197	106	514	468	959	903	263	813	636	695	765	54	858	626	779	272	510	
712	175	521	230	320	11	851	53	658	352	565	108	790	665	768	40	265	651	837	392	795	507	325	24	62	737	489	621	637	427	563	719	527	261	542	556	576	46	479	592	544	
713	757	412	355	390	807	277	911	582	735	136	931	131	641	795	256	103	541	362	673	151	471	96	729	678	325	708	220	456	921	534	129	714	640	155	518	897	138	949	213	0	
714	266	374	453	846	576	886	36	88	309	547	436	610	103	25	115	835	230	691	32	786	638	800	570	668	534	825	395	728	344	337	933	156	142	812	400	733	952	852	356	700	
715	656	364	126	262	547	796	54	904	607	746	518	677	36	707	508	511	542	121	690	667	595	520	448	959	56	669	688	95	777	153	371	377	344	914	466	254	678	218	167	498	
716	624	325	12	597	11	677	20	195	755	600	633	217	737	837	86	345	795	418	662	80	400	634	941	501	420	813	6	405	521	376	508	429	15	502	76	856	573	103	202	170	
717	544	881	596	795	35	164	581	424	224	386	234	182	566	895	634	376	540	5	705	532	308	827	94	449	36	71	558	52	737	657	200	443	140	394	107	105	514	110	244	179	
718	110	582	725	794	482	496	706	10	551	546	173	643	401	685	373	694	918	511	410	626	607	748	117	575	928	558	614	586	741	234	781	238	820	61	836	662	621	883	365	333	
719	177	233	69	85	425	340	333	934	377	857	417	447	953	126	387	674	877	456	118	928	567	352	584	854	715	251	559	440	612	890	919	909	309	911	635	507	675	290	435	517	
720	689	691	140	658	252	256	862	688	360	169	794	408	410	274	99	244	551	521	95	798	589	361	333	747	33	766	665	40	109	291	235	134	11	494	37	77	217	479	767	118	
721	379	859	798	545	935	148	314	436	53	529	850	710	502	46	124	775	611	581	881	678	713	144	476	388	345	926	300	795	823	794	567	577	816	811	468	254	704	938	69	603	
722	88	153	474	763	30	82	593	366	884	317	642	772	509	454	571	543	733	207	935	332	1	545	628	788	160	873	948	205	896	481	118	204	44	131	387	614	7	54	484	283	
723	356	431	841	695	427	5	2	606	196	597	452	573	948	922	178	256	9	959	474	901	249	241	835	785	774	119	38	770	869	710	698	286	208	180	374	222	911	308	524	414	
724	201	84	449	510	238	536	155	953	920	320	492	305	119	658	302	831	334	591	562	199	638	613	954	847	7	870	99	593	716	313	70	462	214	784	417	550	412	217	882	486	
725	642	889	676	865	607	54	621	515	691	887	96	505	610	382	403	457	437	441	903	833	917	700	910	181	23	285	699	517	812	406	44	862	536	682	679	644	421	267	297	14	
726	88	380	442	946	932	691	5	130	670	769	807	759	305	244	646	686	787	61	164	368	55	910	179	438	68	198	427	748	135	656	923	292	392	188	689	531	288	332	187	585	
727	771	922	117	883	248	669	903	362	776	649	357	612	163	292	465	359	576	790	354	260	4	512	835	769	549	335	958	279	143	721	59	158	198	199	643	773	14	123	330	838	
728	904	404	877	25	157	103	248	936	479	784	171	900	366	322	510	342	217	91	226	280	134	316	522	901	212	343	490	781	894	265	638	782	323	427	143	448	4	227	370	367	
729	557	0	81	175	599	391	174	75	877	455	292	766	782	244	624	678	499	305	433	181	786	239	812	298	194	54	83	575	415	641	7	164	240	591	923	183	667	200	105	636	
730	205	689	943	737	54	105	940	127	864	548	464	212	347	193	781	414	322	576	184	872	319	624	485	17	358	70	699	141	884	149	97	547	601	561	428	99	374	519	678	384	
731	513	642	801	723	509	875	714	483	170	533	65	99	825	56	744	700	770	220	827	525	505	185	927	816	351	924	381	64	117	716	336	920	886	814	93	197	550	548	62	677	
732	63	884	954	168	269	515	163	554	464	606	290	254	92	669	380	681	951	315	147	334	451	101	688	106	29	401	511	578	68	337	219	89	510	680	460	677	156	143	4	236	
733	844	21	620	903	836	269	800	395	719	102	234	755	140	528	389	470	325	835	794	270	379	899	622	153	198	930	857	575	604	326	826	886	751	813	361	834	764	429	301	608	
734	96	705	879	933	878	769	239	35	896	817	54	12	266	957	588	282	629	515	874	366	554	530	754	183	428	946	478	597	300	548	630	318	23	618	455	737	563	202	16	458	
735	618	848	702	646	806	210	347	775	349	183	514	650	111	762	214	246	174	172	51	8	828	312	485	301	476	939	88	367	706	820	208	148	492	296	90	707	501	841	67	681	
736	296	455	7	155	850	396	573	91	100	273	546	278	947	417	884	150	908	204	919	771	774	279	521	110	129	627	141	162	362	556	520	188	122	163	939	252	448	702	658	731	
737	353	414	620	287	541	401	605	814	659	202	224	8	78	625	343	420	943	170	723	701	126	684	1	408	445	64	724	365	467	766	279	363	771	174	834	316	927	302	459	714	
738	313	148	702	130	91	467	80	664	504	419	817	651	354	540	416	426	764	483	259	87	243	201	247	75	553	304	549	26	242	240	854	824	953	8	701	103	697	576	677	180	
739	576	419	219	702	290	0	439	650	860	305	901	390	443	162	456	375	762	752	126	690	682	374	294	463	343	611	896	923	41	592	532	205	72	721	693	315	516	11	135	78	
740	563	645	127	820	732	705	362	468	147	204	113	839	742	788	283	581	184	570	733	620	296	748	682	69	485	354	642	139	358	931	944	112	231	461	869	179	315	250	773	97	
741	186	345	234	471	927	269	483	563	959	855	10	879	885	370	637	197	489	506	638	507	465	280	346	769	184	513	457	889	352	918	534	545	592	832	616	122	335	159	438	459	
742	879	714	718	119	143	697	665	82	842	359	498	27	878	506	248	647	240	358	162	641	350	399	787	468	238	431	373	371	693	428	895	527	118	44	763	744	705	330	796	332	
743	883	457	90	152	759	451	218	274	863	264	204	312	258	42	462	252	275	151	545	429	381	932	158	276	946	392	613	476	511	236	23	741	866	773	956	292	818	39	725	856	
744	285	722	152	8	220	612	564	701	873	642	783	528	640	644	173	327	231	302	148	610	748	34	174	752	750	469	238	103	926	896	438	372	455	920	312	12	639	604	852	370	
745	636	610	846	926	489	585	276	223	491	751	856	622	423	377	253	629	179	181	361	655	651	574	156	207	582	225	256	387	520	577	890	504	880	862	771	757	48	448	248	836	
746	182	907	827	845	546	52	832	392	667	146	588	562	630	311	699	708	793	896	264	165	672	363	841	543	959	553	697	272	937	564	122	34	369	291	282	380	943	316	534	378	
747	806	9	477	603	611	174	22	314	40	889	355	832	394	891	872	663	664	407	135	866	381	280	46	107	552	711	404	412	682	318	639	819	863	119	304	272	680	37	592	600	
748	851	413	319	838	856	350	522	131	911	438	595	565	275	539	520	546	736	816	342	537	225	900	921	590	195	795	535	260	334	626	623	880	693	509	908	219	940	371	94	377	
749	524	651	87	334	586	737	937	22	886	528	133	526	748	598	890	406	537	58	262	456	4	573	439	904	11	14	16	220	751	765	430	510	403	946	811	304	193	415	259	656	
750	430	435	53	300	639	209	108	599	268	768	95	253	803	804	246	563	784	685	174	466	667	78	126	838	659	816	891	98	842	872	953	481	871	307	292	689	45	367	762	657	
751	471	213	856	714	373	543	595	400	637	630	255	569	512	56	787	366	909	779	493	870	723	754	726	277	197	798	327	544	387	390	365	853	758	57	362	729	379	627	348	609	
752	325	687	225	549	444	829	155	82	746	468	240	0	24	425	725	611	500	385	653	901	438	387	300	372	132	145	865	55	146	152	179	647	934	587	828	762	60	883	262	282	
753	101	157	221	82	6	871	251	72	821	797	456	784	79	448	278	648	196	262	654	576	822	353	234	927	387	580	37	577	542	36	240	165	933	379	103	775	750	83	259	201	
754	804	833	401	407	529	943	867	75	955	543	709	526	52	877	818	449	301	789	8	539	139	634	83	189	723	837	384	908	417	421	511	883	320	456	405	196	515	222	55	324	
755	324	891	800	264	124	76	196	398	526	810	750	11	107	212	684	927	5	518	666	904	881	141	163	917	144	473	836	414	622	660	915	426	882	704	82	855	713	796	93	483	
756	804	471	842	566	275	654	797	605	132	453	467	488	88	240	737	657	47	57	92	350	325	829	122	8	66	377	76	354	30	98	32	313	97	253	801	129	359	82	106	432	
757	940	60	241	530	863	283	810	806	556	218	444	129	613	82	237	550	465	252	608	377	711	411	183	133	487	782	677	42	559	785	582	5	866	622	17	388	710	415	482	289	
758	59	217	752	650	139	265	895	64	898	605	919	381	128	390	180	473	588	636	63	814	299	643	509	635	498	7	838	472	225	186	69	271	538	879	127	85	947	301	943	774	
759	33	926	681	372	1	768	0	889	276	605	550	780	455	317	661	275	761	538	430	888	887	84	672	831	266	806	844	215	307	793	39	367	309	504	351	74	660	131	449	150	
760	349	807	602	633	742	238	540	471	308	324	271	745	474	122	946	190	697	249	530	490	47	357	32	75	679	491	647	933	906	95	70	465	411	103	696	536	746	721	635	336	
761	196	64	498	923	849	400	605	77	37	343	647	209	657	106	513	8	127	35	590	180	958	482	544	85	90	722	324	81	880	45	409	345	515	646	778	4	247	108	273	128	
762	714	154	275	155	540	768	844	493	559	39	630	345	495	31	812	349	687	440	655	423	53	809	491	186	125	656	690	875	916	397	629	691	830	554	189	249	350	116	470	178	
763	836	845	41	927	204	839	701	537	504	49	310	326	172	493	703	949	324	565	443	457	297	27	447	346	39	597	382	408	121	56	4	178	550	132	104	630	337	97	700	761	
764	651	936	838	697	683	933	564	513	609	156	267	205	71	265	33	47	441	236	716	945	615	773	282	444	296	733	2	760	849	709	155	373	583	354	780	458	746	580	955	49	
765	552	491	288	885	70	536	4	73	139	900	12	719	227	318	89	498	735	545	943	759	252	772	918	660	680	688	704	582	2	215	813	94	289	130	219	473	908	35	894	441	
766	334	368	282	600	858	657	171	82	236	161	424	717	669	868	860	513	730	741	497	311	277	541	718	592	314	663	675	458	485	722	257	959	786	807	240	430	149	811	571	702	
767	459	87	655	0	272	870	836	53	818	639	891	528	550	276	489	957	954	138	946	97	203	730	378	356	888	311	312	429	918	561	844	108	741	473	18	926	899	742	439	396	
768	352	663	587	85	946	858	472	174	746	237	51	39	422	323	656	112	936	681	923	647	425	707	675	356	46	665	416	682	411	271	844	949	586	207	98	311	941	498	711	395	
769	547	350	596	428	555	458	580	896	194	335	92	267	620	111	736	909	56	78	187	728	517	223	480	224	69	412	114	17	257	58	34	421	222	407	309	606	647	914	399	105	
770	278	466	74	142	430	821	837	565	97	471	567	191	610	500	383	457	468	810	307	298	388	487	862	6	658	596	208	517	473	818	345	580	914	744	913	266	246	347	573	675	
771	704	619	533	129	750	198	658	37	504	329	42	886	121	557	582	718	112	201	109	931	463	857	65	102	910	701	937	683	517	645	142	139	506	939	266	311	801	861	365	352	
772	589	738	256	68	147	770	83	370	18	680	758	526	817	565	788	228	923	884	540	443	136	656	479	110	511	121	567	728	724	756	775	59	425	816	918	164	808	194	946	541	
773	218	536	745	264	485	337	882	403	592	742	494	427	680	643	877	237	482	21	884	30	513	549	766	475	763	228	448	339	23	263	241	755	473	853	394	98	673	190	778	879	
774	465	366	830	71	238	546	639	812	393	58	508	414	336	826	940	828	841	856	118	294	489	916	378	172	859	107	208	594	492	878	613	384	845	697	242	380	936	245	398	120	
775	330	401	503	579	148	373	774	167	183	606	850	494	359	644	69	676	844	250	374	543	890	597	562	893	675	272	92	941	587	495	504	497	253	931	578	866	957	686	772	948	
776	637	71	167	763	659	640	74	558	107	294	593	683	761	41	832	124	754	60	520	601	444	127	224	942	355	540	856	798	77	238	746	135	48	105	595	72	258	54	929	576	
777	433	221	332	345	917	360	905	645	163	838	349	904	547	365	239	759	612	451	162	255	814	959	865	872	760	587	124	603	795	685	626	99	71	39	527	432	437	732	952	673	
778	540	627	836	835	424	833	525	916	546	839	461	71	871	209	544	573	567	906	383	902	815	870	733	659	396	641	120	768	331	882	471	647	590	932	464	435	386	673	334	791	
779	895	880	81	959	367	737	246	679	563	358	377	491	2	740	632	511	852	778	58	96	62	34	751	395	350	186	172	249	788	556	217	931	4	211	448	415	826	691	158	136	
780	632	19	178	47	853	59	370	646	147	829	60	317	622	690	911	874	817	70	187	750	13	119	726	278	44	793	177	959	771	670	522	574	103	20	68	894	673	495	660	939	
781	196	201	956	847	894	487	957	251	366	958	136	873	245	309	183	351	592	749	890	471	869	511	660	156	923	388	711	439	943	27	268	651	389	870	776	766	315	598	764	921	
782	836	617	636	754	628	240	418	776	23	726	451	494	455	798	354	428	62	364	484	98	168	839	644	750	124	349	584	336	141	520	372	908	156	335	829	592	433	688	576	106	
783	221	52	269	210	388	606	564	629	787	259	70	307	636	35	412	916	245	484	398	91	899	77	542	505	461	853	635	890	405	48	328	117	764	302	184	174	701	427	514	141	
784	748	697	128	785	284	627	183	68	640	590	722	111	592	49	366	522	199	347	182	778	914	161	239	67	578	130	508	655	70	831	232	924	802	606	374	440	642	681	209	622	
785	269	634	834	498	766	758	933	127	47	344	926	126	951	688	72	746	619	302	114	238	340	542	917	347	378	118	744	149	689	799	769	197	494	136	172	410	815	68	631	632	
786	345	952	392	508	105	312	307	954	110	493	716	904	566	634	641	134	735	909	643	781	157	850	506	731	484	865	591	72	517	261	846	2	205	315	182	161	567	739	329	740	
787	503	951	506	87	448	250	923	58	910	878	487	609	817	178	13	595	940	337	193	71	551	290	909	43	292	300	40	170	884	334	137	495	875	223	957	421	849	632	898	666	
788	667	360	515	665	471	144	633	688	424	532	516	395	161	720	95	78	930	46	732	715	900	56	625	569	248	874	244	417	170	76	99	923	172	447	935	697	16	533	26	450	
789	341	102	134	354	135	799	496	159	480	862	661	655	371	60	819	713	651	938	779	537	911	192	741	120	616	849	406	635	230	643	638	330	416	606	84	596	411	610	934	65	
790	813	798	667	232	483	126	188	515	159	741	242	479	134	315	209	152	537	457	86	133	289	259	45	752	868	439	201	103	640	777	475	147	824	894	603	678	660	911	386	562	
791	733	343	422	239	613	581	460	305	321	329	892	560	220	431	802	885	361	881	738	724	728	944	115	313	932	731	131	341	46	553	402	762	332	809	709	710	181	5	878	789	
792	37	407	718	310	323	445	409	604	706	688	824	726	581	657	532	258	262	709	146	189	696	515	346	413	235	875	221	99	369	538	662	811	191	571	272	422	405	800	104	10	
793	802	337	148	840	546	35	676	255	649	845	392	495	420	120	851	752	190	917	932	128	115	176	874	157	209	252	532	557	817	492	92	600	429	253	338	118	526	106	345	564	
794	603	942	915	378	431	68	26	139	206	881	177	428	57	900	698	264	384	413	937	851	664	620	120	878	109	187	604	75	442	47	529	470	10	17	642	721	949	451	859	511	
795	445	178	507	148	923	835	392	881	888	715	590	510	368	7	170	249	86	14	295	270	633	773	614	39	422	146	131	133	302	339	885	144	426	847	310	491	252	940	805	12	
796	471	483	744	779	449	882	469	952	279	17	147	498	658	38	188	629	842	892	262	116	824	306	675	872	640	752	549	871	943	95	934	1	474	295	678	358	927	823	339	773	
797	139	279	783	130	133	667	297	956	249	723	901	858	264	363	303	712	957	592	943	316	516	468	542	254	278	504	551	376	408	818	681	229	698	781	335	905	6	623	690	801	
798	797	317	918	79	777	95	254	236	172	769	567	293	407	65	183	808	141	356	447	379	585	455	518	275	771	921	659	930	48	200	491	560	648	569	237	907	252	121	582	454	
799	255	471	438	595	2	215	223	31	330	758	601	879	26	385	842	549	124	695	192	363	645	537	163	804	53	372	151	254	647	402	358	60	440	442	64	957	132	37	660	323	
800	690	99	388	308	473	702	66	15	593	64	319	73	389	182	743	440	649	116	331	305	686	793	927	301	660	84	485	114	128	679	41	559	175	171	687	231	85	682	785	665	
801	439	942	319	731	202	232	63	791	426	589	895	270	482	272	500	562	856	636	187	558	561	129	81	513	929	417	178	717	758	686	543	687	388	422	720	592	132	258	234	696	
802	425	950	482	343	761	259	1	611	732	769	276	3	307	541	292	108	682	414	744	778	209	812	890	225	935	914	456	372	568	67	524	102	234	539	894	863	18	360	712	625	
803	780	489	378	315	330	405	511	846	44	95	208	15	913	57	487	93	621	919	119	627	476	565	730	911	950	219	650	84	740	96	341	620	178	301	75	883	165	707	698	656	
804	590	320	476	869	415	93	206	938	894	956	68	212	792	737	252	316	568	126	496	765	24	563	400	734	951	917	623	433	619	878	701	378	313	710	501	148	611	791	465	129	
805	585	793	161	147	78	473	629	470	10	471	867	405	41	225	589	898	462	254	517	863	111	916	852	315	707	676	260	396	170	794	159	199	925	928	694	900	27	641	952	329	
806	423	399	772	203	944	834	380	754	913	929	667	413	762	742	200	294	366	29	427	167	112	653	191	61	439	218	808	651	489	426	391	706	711	135	204	864	869	644	332	119	
807	350	420	148	304	389	695	124	15	927	710	703	377	911	497	266	179	657	791	274	300	299	374	171	126	161	595	727	561	105	477	27	256	542	525	24	736	313	592	665	639	
808	508	936	745	906	304	656	679	305	786	287	348	622	394	942	715	580	284	189	202	388	34	147	657	598	762	101	81	182	828	825	711	61	879	843	16	226	572	639	64	290	
809	185	685	410	236	282	656	92	96	204	911	547	954	495	533	832	88	628	805	761	695	58	145	478	119	93	138	729	697	743	489	430	173	886	122	706	673	142	917	519	86	
810	727	185	144	390	738	514	188	178	402	155	307	196	51	628	823	905	369	790	190	879	207	263	261	716	284	749	359	291	292	183	878	611	569	937	895	639	167	566	419	130	
811	861	20	649	72	551	362	875	502	542	445	265	925	740	251	357	522	674	691	548	536	788	708	822	520	214	633	405	226	201	475	130	100	235	640	565	172	366	419	264	255	
812	345	319	28	900	701	624	881	596	427	341	692	356	442	919	19	785	628	807	747	564	139	27	802	479	607	168	417	740	196	29	87	396	560	950	844	343	452	639	372	724	
813	425	256	106	651	380	155	279	461	477	840	32	635	755	93	792	687	905	78	948	599	476	304	255	675	114	450	590	290	45	823	807	607	587	574	754	352	423	16	524	862	
814	515	180	499	373	352	766	439	895	377	453	164	366	209	856	353	24	686	557	472	721	358	666	343	575	25	776	695	746	63	740	59	467	420	279	634	775	112	633	513	243	
815	556	129	883	506	194	626	581	4	464	515	411	816	647	300	945	819	432	289	259	939	955	224	35	49	51	922	17	407	305	19	909	622	335	843	617	844	736	30	674	140	
816	158	233	432	341	676	814	604	736	542	122	594	244	765	517	119	52	751	153	380	476	78	502	520	215	630	803	118	95	365	727	140	641	595	763	669	475	741	169	808	186	
817	648	128	417	402	112	758	372	499	768	880	264	760	626	464	704	66	186	911	804	678	843	270	608	265	802	782	147	728	319	211	556	340	564	891	162	809	457	615	151	84	
818	161	919	399	10	865	182	480	917	586	345	402	615	281	291	722	781	114	563	144	135	810	540	870	23	8	598	634	344	269	243	421	145	817	724	341	266	112	220	47	222	
819	261	677	57	274	182	626	56	101	144	933	405	553	180	562	390	593	786	148	106	394	117	895	436	463	576	597	11	631	412	753	722	577	304	675	373	43	821	769	210	881	
820	272	431	524	889	663	379	649	353	261	512	392	378	819	74	565	532	899	442	826	317	479	556	729	516	162	792	567	835	916	374	635	668	28	230	24	258	497	590	359	251	
821	402	261	569	293	631	752	939	439	199	874	251	714	11	42	473	600	35	863	322	195	927	777	217	113	321	310	342	170	7	20	938	673	193	134	701	691	110	282	305	711	
822	99	545	551	586	689	445	260	91	770	251	373	455	708	291	944	119	521	526	125	360	110	888	950	220	315	278	715	847	75	42	328	621	749	532	155	66	713	875	721	882	
823	903	332	928	554	364	50	682	150	7	320	405	395	762	357	298	189	82	85	564	17	2	262	32	207	61	494	221	316	459	197	16	12	905	737	670	334	118	832	906	486	
824	87	102	771	65	498	461	34	37	712	326	907	883	71	211	836	681	769	273	647	362	29	346	725	258	333	105	846	229	64	63	639	119	728	454	763	18	798	116	557	195	
825	821	883	748	469	332	319	784	467	920	463	4	8	642	631	925	521	156	909	618	181	922	523	781	188	383	948	201	606	21	570	923	437	161	96	398	758	790	860	74	500	
826	457	255	109	549	741	215	668	425	96	277	860	840	45	683	636	692	696	21	431	511	487	853	837	118	404	728	349	141	241	473	20	572	169	871	523	944	67	955	235	832	
827	72	649	678	354	104	917	639	479	922	648	460	68	707	835	187	154	473	691	595	729	392	230	252	153	85	29	706	329	65	226	22	355	816	860	213	650	288	461	616	34	
828	138	126	140	789	589	925	55	629	583	799	226	359	408	435	712	330	501	336	538	729	184	50	947	595	826	543	398	356	687	119	23	258	843	511	38	52	177	443	9	80	
829	663	216	194	113	209	23	63	9	917	486	712	87	186	462	460	726	796	714	492	884	66	25	446	901	574	18	266	953	85	440	203	864	142	176	60	818	684	407	192	700	
830	211	94	247	109	318	802	670	29	441	909	327	619	374	604	326	549	286	37	558	169	869	600	892	74	353	5	529	181	476	798	806	405	680	127	763	115	434	235	208	354	
831	346	25	152	410	578	303	363	419	549	653	699	949	235	141	457	669	250	777	280	738	526	542	610	617	396	304	587	278	403	174	372	341	15	791	485	702	474	191	592	842	
832	904	128	753	896	347	352	384	773	442	321	43	350	222	512	936	635	783	860	393	564	207	859	401	210	725	41	582	785	124	835	519	932	573	787	928	186	220	156	704	925	
833	89	282	231	513	225	675	935	495	654	123	772	172	94	566	208	912	26	845	241	890	949	497	356	258	54	224	706	623	373	386	171	307	452	768	371	534	486	956	275	564	
834	146	358	327	109	345	874	624	804	549	634	350	503	17	255	689	408	352	833	479	564	276	906	727	849	369	732	421	665	131	163	854	53	98	745	604	30	501	265	244	816	
835	181	742	69	833	756	349	716	944	605	695	502	449	765	804	461	104	322	421	919	291	579	648	187	397	257	345	806	689	493	279	749	284	106	357	436	758	467	194	270	593	
836	896	251	550	899	5	735	733	561	700	820	45	645	40	429	66	394	330	493	332	776	762	933	653	459	926	369	574	440	599	291	273	692	502	674	885	485	334	725	358	818	
837	836	670	143	109	882	699	390	229	185	538	782	220	162	622	32	709	642	235	69	746	717	793	458	815	648	212	157	42	188	73	775	270	223	875	189	83	352	251	656	913	
838	513	839	484	173	677	241	483	56	554	754	690	660	760	159	676	89	794	618	558	247	717	107	732	604	663	225	66	856	922	563	116	255	745	700	122	718	730	711	382	722	
839	669	87	328	390	396	171	236	380	323	576	898	574	113	22	151	692	47	567	226	456	337	950	378	457	123	309	198	77	311	425	180	27	580	930	46	711	688	69	73	799	
840	169	156	128	6	848	786	226	607	335	247	775	173	748	650	264	824	799	248	431	946	417	672	557	90	70	25	523	673	780	182	99	331	500	329	528	473	144	485	739	805	
841	94	40	88	909	212	825	648	531	956	783	864	196	2	51	273	408	780	390	393	858	777	581	611	461	204	154	637	604	665	772	69	787	509	753	881	459	288	100	955	449	
842	574	780	642	426	72	29	445	560	271	955	783	123	623	735	604	111	646	443	410	118	171	225	875	255	477	161	938	326	250	433	771	214	626	339	713	141	698	177	2	416	
843	901	12	325	286	624	533	72	697	125	27	627	130	386	935	889	564	482	868	871	948	317	772	855	36	798	126	549	80	412	67	861	211	404	468	761	526	53	249	114	165	
844	677	270	775	368	936	342	315	371	836	81	796	913	739	529	75	188	56	137	569	421	871	303	673	29	740	849	50	901	793	547	39	289	404	204	541	44	875	154	184	519	
845	720	7	798	918	230	443	35	680	659	465	259	534	407	478	663	557	540	688	386	143	909	19	556	86	428	154	881	635	927	219	218	566	523	636	588	615	740	109	447	501	
846	324	566	178	245	570	371	669	653	484	29	232	25	640	906	218	269	575	312	340	412	219	902	831	939	387	195	348	53	299	313	424	259	623	100	139	697	709	229	544	842	
847	300	280	17	602	526	244	942	750	217	327	34	208	888	535	100	171	767	318	957	442	841	761	4	384	479	891	45	122	860	263	66	146	719	573	559	533	33	756	516	39	
848	312	138	631	821	90	184	232	748	854	874	873	41	416	461	702	112	699	489	225	672	220	241	842	550	716	536	946	206	679	131	359	258	269	845	919	393	502	726	494	362	
849	30	569	109	180	872	740	794	357	810	347	822	523	204	64	880	553	913	529	472	476	500	370	790	126	695	685	284	203	312	119	793	578	133	245	752	526	369	62	616	614	
850	231	867	229	434	767	556	23	431	463	613	369	852	708	153	669	822	241	798	110	745	486	17	534	808	581	291	281	951	849	21	321	710	72	831	84	883	215	707	294	315	
851	688	164	702	254	897	930	880	808	499	235	937	111	779	354	6	525	912	565	176	333	52	313	682	583	591	776	796	726	444	123	345	546	715	881	271	437	883	20	789	536	
852	745	918	866	697	817	954	892	336	949	791	244	771	660	857	657	262	764	584	458	390	59	13	632	392	786	305	778	333	204	425	891	250	909	912	129	686	51	839	146	542	
853	879	655	229	624	220	738	734	629	640	224	558	617	312	508	202	957	0	20	367	588	215	510	227	594	478	484	319	24	513	659	42	179	538	526	551	814	18	424	402	581	
854	778	18	422	212	953	753	131	462	342	563	238	818	504	676	666	123	572	636	934	88	871	59	102	795	524	121	294	373	496	119	428	226	493	889	382	33	148	344	612	615	
855	214	211	879	340	549	870	186	550	278	350	880	365	714	363	591	447	909	439	684	638	118	565	948	817	254	893	56	849	409	374	175	330	153	761	410	101	300	77	58	821	
856	48	294	896	691	713	747	709	613	112	637	699	836	846	180	932	285	393	172	1	824	158	256	782	56	917	940	66	223	91	543	673	29	655	953	105	253	772	790	269	676	
857	74	841	422	561	792	443	897	337	165	656	588	266	171	616	190	394	114	2	103	170	252	738	267	499	768	374	48	354	539	824	886	808	1	726	615	821	569	79	182	330	
858	547	206	413	304	100	235	224	84	366	491	388	571	128	91	894	96	586	395	314	69	82	594	72	627	888	71	112	104	794	611	25	759	842	319	900	371	608	31	186	270	
859	20	560	387	258	268	462	281	368	50	201	29	647	10	809	840	296	579	880	611	648	523	30	763	85	187	15	284	325	208	589	938	375	317	881	558	788	849	420	106	713	
860	709	501	871	637	749	758	188	568	74	881	470	517	785	314	40	833	954	819	201	627	351	399	213	691	650	482	590	930	523	722	620	319	782	953	736	99	802	450	62	100	
861	852	526	813	282	299	351	61	614	277	629	314	498	610	438	833	699	752	147	466	909	935	425	871	846	550	869	516	254	892	620	592	829	860	698	803	270	779	841	800	794	
862	476	692	773	248	94	540	512	299	532	587	260	108	421	535	157	469	73	896	848	820	959	487	838	847	604	250	194	941	19	544	878	15	188	312	555	335	153	463	734	656	
863	461	72	879	740	822	796	5	45	765	96	625	643	556	582	361	406	767	743	633	85	256	437	78	200	314	498	150	243	366	53	363	21	40	364	728	220	427	476	25	99	
864	246	27	192	134	582	959	87	885	92	470	135	7	384	344	312	913	838	729	826	248	656	515	740	468	4	186	116	799	324	84	921	922	218	381	30	77	127	410	933	353	
865	899	76	792	810	830	215	382	293	74	67	909	957	879	386	768	341	927	532	41	449	228	232	199	277	150	452	411	867	273	934	760	447	614	492	346	773	401	561	798	235	
866	313	860	958	225	271	691	561	229	428	800	24	483	795	342	430	951	731	806	144	413	69	213	125	873	46	50	26	184	399	231	249	230	163	13	602	385	465	197	562	318	
867	843	4	428	171	758	366	110	805	167	157	11	765	230	99	563	796	10	48	795	185	946	382	866	267	8	154	632	657	413	32	403	825	635	838	739	129	502	220	73	92	
868	69	721	195	855	912	442	43	124	650	463	546	566	385	758	263	119	628	389	812	471	292	194	202	894	557	109	115	323	279	64	713	533	681	821	750	218	445	649	59	410	
869	319	373	720	701	937	508	176	57	931	646	939	1	96	780	161	708	617	67	902	866	398	64	698	847	818	336	853	536	330	885	800	649	444	845	590	925	491	62	128	380	
870	878	788	669	578	130	491	165	507	912	194	11	321	675	545	490	376	383	447	47	704	542	391	372	927	886	283	860	827	296	113	25	333	603	800	561	338	420	826	769	388	
871	810	221	130	264	519	837	459	553	817	420	791	133	537	693	137	134	467	397	621	468	888	883	833	905	456	433	372	422	916	107	493	900	284	752	143	269	436	335	316	299	
872	364	172	23	449	623	531	527	217	715	665	926	948	751	956	396	739	121	467	740	899	32	334	932	877	484	507	566	177	614	388	360	825	318	184	540	232	456	590	897	392	
873	766	614	385	549	12	19	188	116	287	87	630	761	768	877	780	295	160	717	301	8	436	811	454	863	2	321	844	380	654	164	177	334	670	550	851	819	461	67	451	396	
874	7	387	445	883	849	613	16	397	717	601	447	798	697	431	40	930	186	912	355	153	600	940	685	162	905	755	774	715	946	264	343	171	242	728	674	323	789	753	274	707	
875	929	351	462	631	458	154	835	619	568	885	644	115	447	645	290	174	721	325	61	395	51	249	858	139	941	146	501	521	582	786	408	504	431	48	556	301	63	574	208	29	
876	543	137	872	615	711	641	375	341	809	729	497	926	555	113	522	176	731	243	83	429	414	635	6	372	810	954	927	33	822	860	750	663	622	744	875	701	938	40	713	710	
877	97	587	334	374	282	71	801	673	548	66	741	630	711	307	69	125	186	772	784	93	406	188	328	922	885	316	338	196	255	714	931	380	216	551	835	583	624	841	402	941	
878	296	579	381	861	455	728	359	424	329	293	900	260	544	103	943	556	486	27	2	488	533	291	910	762	300	675	649	167	206	643	729	361	179	539	889	252	779	75	503	160	
879	202	903	339	23	321	149	398	438	378	872	481	795	750	799	507	523	94	847	561	154	95	2	753	779	127	569	953	228	396	582	374	195	242	142	274	768	29	334	915	110	
880	655	706	916	338	40	735	257	823	629	719	881	234	531	519	210	877	23	219	54	671	44	215	590	952	702	331	756	889	471	422	943	931	840	7	179	715	783	424	571	236	
881	635	659	945	411	830	669	152	270	490	781	45	289	121	454	314	589	878	811	455	426	78	485	70	931	636	342	459	466	375	266	510	652	914	347	916	853	322	158	207	416	
882	942	54	761	145	915	665	341	552	133	608	554	233	197	213	364	258	603	50	697	494	165	390	409	880	600	325	386	557	439	812	193	18	159	39	691	826	78	731	388	651	
883	161	271	870	684	231	838	102	954	340	51	896	527	496	529	204	560	310	64	195	840	570	143	639	917	783	474	386	802	616	150	698	693	573	682	324	137	817	320	46	191	
884	817	157	385	528	671	493	511	774	624	803	617	300	274	0	452	131	275	944	29	310	254	139	336	263	767	244	301	169	497	622	781	778	375	49	878	554	527	449	251	403	
885	294	329	124	187	618	591	761	927	625	798	791	345	189	708	69	757	575	574	22	769	923	305	815	227	939	539	420	431	646	840	94	697	2	713	256	296	119	674	778	140	
886	390	707	957	434	155	569	640	949	686	678	514	662	80	111	545	591	356	52	10	805	747	5	34	445	134	403	421	752	228	461	933	587	182	271	42	24	575	742	265	204	
887	755	795	249	911	233	567	938	101	296	691	263	479	783	646	121	334	565	315	876	701	652	902	341	864	843	792	692	71	780	433	86	23	562	822	351	507	848	323	6	727	
888	710	898	481	254	557	317	803	356	950	496	291	918	77	419	798	488	836	758	64	879	877	766	415	497	647	271	457	346	286	602	319	625	492	314	449	138	201	396	764	369	
889	56	546	725	474	863	9	653	424	273	278	761	235	116	939	897	506	15	191	916	538	869	605	154	802	130	368	363	476	659	189	382	429	890	689	100	953	610	861	630	400	
890	959	907	910	187	451	815	531	926	201	17	846	779	617	828	431	322	436	585	508	898	189	786	671	729	178	725	418	842	277	284	258	527	158	573	174	419	601	867	560	249	
891	832	53	746	318	220	35	856	396	301	895	341	736	12	591	417	654	527	416	609	499	621	29	871	172	675	223	308	581	917	711	827	436	377	395	936	200	561	461	353	476	
892	695	114	12	912	894	241	209	58	342	170	865	344	826	823	201	228	652	157	573	80	497	435	491	577	692	492	130	630	871	793	353	866	834	938	522	338	110	689	148	849	
893	28	554	353	776	155	505	272	106	498	244	719	394	862	132	159	856	892	212	882	794	391	195	950	600	439	54	592	877	842	710	774	605	196	630	540	297	565	680	637	826	
894	144	29	314	902	552	861	864	99	38	175	461	627	555	634	603	316	957	768	23	867	631	318	406	440	511	787	652	883	313	869	218	829	186	577	680	819	576	1	756	422	
895	480	179	361	550	575	119	564	640	773	745	531	325	591	512	879	461	868	118	875	636	747	938	61	836	155	898	701	107	626	916	507	143	618	391	854	39	41	437	138	203	
896	56	852	10	119	374	150	783	780	269	589	239	791	934	147	881	854	857	233	672	184	296	350	286	357	556	499	891	894	207	380	838	230	764	73	483	385	148	70	606	611	
897	352	575	717	338	489	735	828	350	766	57	674	456	487	324	752	270	382	1	692	795	788	528	344	251	80	519	683	593	665	325	101	780	182	580	37	279	820	174	508	720	
898	457	114	559	764	758	790	377	57	242	591	720	499	132	847	681	667	497	606	766	149	407	428	399	817	921	870	39	285	636	263	544	913	433	873	235	853	252	455	915	725	
899	782	346	193	597	619	98	518	883	271	769	649	72	58	835	507	847	268	667	781	465	175	224	864	606	343	508	714	925	354	326	752	357	219	300	208	910	394	99	287	131	
900	317	595	115	920	264	208	481	734	906	525	866	181	498	652	636	354	706	665	798	289	211	568	523	189	281	92	250	669	41	154	829	673	824	796	238	806	730	663	261	443	
901	838	593	91	752	711	174	229	177	41	857	818	97	147	558	61	223	185	94	835	712	914	149	18	700	909	155	931	576	504	553	758	801	604	426	689	568	957	206	108	148	
902	642	245	724	445	608	270	434	747	451	614	365	309	303	573	17	12	167	95	526	617	654	945	324	836	716	203	830	711	307	837	380	547	917	565	32	746	728	220	666	624	
903	942	163	554	275	331	765	3	334	779	617	639	735	390	108	89	169	741	541	412	215	180	39	347	258	952	75	355	660	642	420	174	46	324	815	25	712	292	586	856	343	
904	591	444	745	820	272	118	134	634	97	345	479	688	128	503	903	424	774	350	302	934	309	915	399	325	912	219	42	407	367	437	268	402	465	597	630	107	181	73	806	887	
905	248	519	660	564	495	541	424	503	425	552	856	623	677	573	953	494	582	648	596	741	385	563	829	111	153	521	800	658	77	540	93	592	356	918	165	441	104	709	412	764	
906	162	788	834	25	30	103	240	659	739	61	643	292	853	375	671	623	794	179	886	636	493	446	909	334	46	722	787	583	600	847	347	272	916	145	708	234	314	559	15	673	
907	774	186	233	232	249	718	483	918	856	305	319	438	344	783	69	835	599	932	19	432	906	92	949	939	118	57	117	611	292	54	501	8	911	874	122	530	927	878	715	900	
908	283	450	571	754	410	685	515	449	890	932	276	430	533	621	362	849	753	900	229	99	119	830	21	895	423	556	659	329	386	664	772	103	697	264	505	313	881	527	915	33	
909	603	239	537	280	726	24	462	360	536	570	115	605	464	791	910	374	137	604	938	287	594	49	479	100	668	655	659	671	867	705	370	17	335	505	636	351	487	40	645	125	
910	732	922	252	948	228	381	548	906	572	808	714	869	383	156	58	628	55	905	882	203	947	916	87	589	666	151	295	719	766	233	239	698	756	800	190	881	932	341	153	308	
911	284	935	496	325	426	195	81	841	681	738	668	944	411	595	503	153	696	58	194	367	326	217	78	921	234	590	73	593	446	605	253	402	739	432	571	56	732	145	163	12	
912	678	451	540	433	582	121	507	658	362	758	327	102	702	521	544	293	235	839	282	154	861	120	363	826	842	273	775	244	688	163	457	393	798	145	469	542	245	455	124	272	
913	304	105	607	199	738	906	920	782	191	543	85	866	670	883	582	584	765	348	122	676	646	557	132	392	145	365	612	522	41	904	739	729	851	901	831	209	908	696	780	185	
914	586	380	295	84	876	950	530	450	408	593	230	344	733	560	455	127	465	156	297	164	250	790	731	497	687	491	581	379	826	392	622	893	769	464	833	709	485	44	272	429	
915	171	802	601	845	345	426	264	111	291	189	126	707	903	238	529	660	566	893	916	443	372	746	216	851	769	839	370	492	697	145	63	836	185	576	38	307	195	797	349	613	
916	100	532	175	589	404	458	508	600	797	688	65	608	319	25	793	291	340	520	452	819	560	462	488	879	331	147	533	369	802	498	525	201	90	138	132	170	551	529	164	228	
917	940	108	852	466	547	573	634	597	0	572	830	449	785	266	402	213	233	578	687	177	189	208	225	451	654	134	517	707	648	44	81	160	427	344	86	104	703	642	17	142	
918	843	745	701	933	814	133	32	666	309	315	346	477	672	95	955	712	433	635	702	129	3	460	372	417	797	910	190	214	839	634	127	6	604	396	529	692	801	905	311	552	
919	789	513	468	330	201	721	474	336	242	493	516	25	381	796	456	600	866	4	647	564	380	40	200	623	792	815	356	134	396	743	386	217	202	713	262	332	500	959	838	45	
920	690	99	894	407	131	394	580	150	80	257	318	395	7	598	914	934	859	414	291	470	486	170	438	251	924	218	747	713	752	872	424	153	166	82	644	316	797	400	228	719	
921	588	777	739	335	140	902	376	175	214	103	211	360	783	149	263	465	897	375	46	47	364	425	713	846	189	106	616	145	797	404	522	646	877	402	260	829	16	781	615	923	
922	107	807	477	810	168	300	724	371	257	325	927	527	699	303	88	314	368	364	459	809	466	185	79	478	621	959	54	313	684	333	808	529	198	522	707	827	471	548	714	419	
923	173	580	528	678	804	477	772	200	898	436	685	389	293	893	702	19	186	128	554	232	496	194	441	636	684	866	668	80	703	833	318	751	661	421	411	563	608	853	332	211	
924	492	836	125	769	858	270	487	618	172	377	650	861	383	188	329	834	365	540	557	906	561	758	38	76	343	813	631	40	148	708	582	444	856	2	54	687	56	754	55	0	
925	845	860	508	421	514	462	494	306	492	156	226	509	154	166	72	512	109	729	294	190	298	889	837	746	270	157	171	708	930	891	648	773	655	165	436	114	660	473	59	243	
926	421	557	301	339	545	164	200	837	257	291	42	63	305	55	62	336	533	7	225	756	330	66	166	110	751	463	437	162	172	590	922	654	405	136	265	358	224	621	262	108	
927	790	948	954	55	4	450	838	754	564	205	663	551	219	641	251	958	340	867	563	128	13	820	713	97	769	664	931	830	934	887	153	231	356	68	272	956	407	637	793	849	
928	691	731	172	456	53	605	587	128	147	503	422	437	743	550	216	547	714	176	220	238	869	301	62	257	4	838	847	620	381	925	373	47	877	355	289	829	19	700	687	189	
929	14	798	88	284	35	900	946	486	196	876	217	467	274	835	660	416	158	502	365	250	938	833	819	38	550	530	59	681	79	505	730	269	924	807	594	930	492	205	771	893	
930	706	650	922	94	229	8	423	295	772	385	316	125	425	844	350	419	790	294	748	612	722	701	138	872	942	874	248	123	730	436	246	879	307	334	503	700	28	97	83	490	
931	656	204	956	561	119	618	563	286	631	915	508	568	332	357	463	292	91	900	912	774	707	479	129	425	310	821	759	161	71	472	394	494	131	689	657	932	325	773	142	713	
932	837	694	613	127	689	205	339	739	63	182	92	372	193	396	453	952	634	216	836	155	624	660	373	218	834	308	462	351	508	295	917	750	361	602	720	319	40	253	766	812	
933	706	459	388	718	571	836	554	739	487	701	199	244	703	347	122	756	156	219	170	259	343	946	787	330	196	486	449	602	958	504	905	589	392	560	796	910	664	934	302	105	
934	690	669	887	643	261	130	305	97	717	3	477	203	384	657	190	589	525	878	855	617	0	264	631	649	870	709	179	311	223	115	80	734	50	752	438	596	83	635	838	272	
935	548	258	778	447	933	847	495	363	77	145	889	474	602	287	309	563	741	954	623	803	505	786	614	63	293	76	445	171	848	3	179	762	653	205	85	215	240	191	371	355	
936	927	819	656	863	492	584	605	653	290	747	233	210	157	725	466	735	671	917	319	784	929	849	148	871	198	854	143	919	406	0	252	715	69	726	549	379	426	570	291	526	
937	331	390	499	579	59	68	8	850	100	524	557	362	166	217	501	948	240	388	93	192	832	250	207	628	906	750	255	898	643	592	172	958	198	34	421	267	631	711	716	723	
938	615	284	730	60	824	460	739	407	642	287	924	922	437	83	794	272	511	302	28	143	944	914	268	363	338	258	617	384	644	714	246	873	600	103	345	616	535	743	781	783	
939	281	438	740	63	429	339	255	14	859	440	648	657	566	568	398	748	738	381	487	680	212	628	154	134	921	519	956	788	474	268	600	893	286	572	596	741	912	806	338	54	
940	3	804	917	500	179	15	421	920	782	943	628	347	114	373	705	465	889	429	509	120	499	686	173	913	724	143	302	332	495	384	653	412	957	29	394	790	296	829	524	679	
941	686	644	365	161	231	351	526	370	606	509	938	629	658	946	542	166	91	386	360	536	17	59	879	617	585	195	695	673	4	295	333	735	652	524	737	532	408	864	384	359	
942	395	519	777	272	328	104	26	1	8	620	904	332	426	2	403	385	202	103	664	406	212	228	265	333	154	152	219	912	613	951	702	480	9	19	658	558	380	411	728	361	
943	609	743	506	255	160	544	940	847	61	611	657	534	141	195	320	407	472	248	931	878	604	596	592	789	441	246	438	700	840	379	460	270	220	37	654	377	500	1	77	831	
944	88	690	745	804	770	491	660	800	404	90	534	490	385	567	85	548	814	157	149	594	863	410	763	593	335	66	342	70	223	72	672	340	243	847	512	82	154	701	468	956	
945	365	209	46	680	825	439	220	252	416	922	799	60	570	816	173	262	958	319	751	886	587	636	330	684	21	603	566	143	117	865	882	564	509	555	823	321	776	298	338	341	
946	396	789	219	213	118	408	719	386	145	860	321	947	940	137	458	301	449	313	810	125	130	556	498	899	853	189	353	17	93	20	909	181	507	606	196	530	148	506	884	54	
947	277	373	72	103	245	57	596	831	698	129	499	58	767	464	558	782	180	675	928	955	166	100	472	930	321	736	218	83	315	891	513	146	99	530	336	801	322	114	271	312	
948	178	471	801	648	882	324	81	657	456	365	534	65	957	645	678	69	660	469	889	68	301	843	529	76	745	597	55	588	335	175	519	366	826	302	571	717	947	176	287	911	
949	436	914	2	70	691	372	202	938	657	635	145	638	600	90	787	672	127	320	143	478	106	527	753	715	49	465	877	722	354	806	430	331	649	193	560	140	111	724	426	194	
950	928	521	369	896	177	499	473	342	706	68	349	550	1	833	819	687	113	821	571	231	477	125	711	156	53	655	640	546	911	700	240	534	723	633	420	193	387	737	647	449	
951	383	687	147	551	729	434	645	36	521	827	724	43	565	22	871	841	276	204	584	89	840	459	832	18	55	554	856	681	470	288	766	802	552	948	171	167	641	116	450	855	
952	144	362	186	160	220	524	959	656	782	499	790	168	48	334	0	946	116	664	226	341	440	135	738	231	648	327	148	194	357	806	150	538	453	657	632	142	474	191	225	444	
953	791	300	942	90	689	841	539	707	482	50	423	718	692	96	371	677	60	544	428	404	421	579	745	609	943	24	406	412	246	343	851	312	479	215	855	402	291	345	618	138	
954	864	432	188	274	658	249	69	715	615	313	901	329	116	387	659	918	486	476	882	377	606	550	952	692	538	326	795	321	721	499	777	709	859	324	379	110	62	836	132	829	
955	793	479	108	601	194	549	786	58	618	855	650	435	287	915	63	591	468	467	797	672	37	87	237	916	22	608	770	649	604	31	661	35	926	365	620	411	700	252	640	25	
956	465	654	222	390	373	37	398	859	634	691	767	41	625	690	847	267	781	150	638	365	608	243	671	927	774	458	0	75	83	877	506	246	74	164	134	323	144	78	210	569	
957	288	843	404	517	575	730	223	707	51	255	180	505	752	40	922	612	723	143	305	696	147	610	866	244	354	860	272	893	393	732	755	557	559	266	323	170	686	299	324	506	
958	197	147	585	757	954	316	758	570	900	533	906	290	807	220	476	882	97	367	612	21	645	927	830	73	614	7	43	664	796	25	458	559	901	676	217	114	876	924	101	494	
959	661	777	937	516	686	812	558	41	232	136	126	587	134	33	732	951	51	196	434	250	345	327	267	6	431	530	450	728	83	414	698	344	24	61	656	385	737	219	846	129	
